x1,x2,x3,x4,x5,x6,y
-0.48819155387597896,-0.7800341504656428,-0.9723685128824483,-0.7753607194071025,0.2487663996673859,1.0,3.060863627778
0.8804927916066032,-1.0,0.06450395319628693,-0.6295842213344087,-1.0,-1.0,11.513844169011872
0.6972762511151689,-0.8873806719755094,-1.0,0.7094822822062689,1.0,0.2766344782430135,-3.4568625762184277
1.0,-0.1566708035126474,1.0,0.3733211684331239,0.7655013844516552,0.03321207699384536,-2.3318543337240745
-1.0,-0.30705331567505045,0.44993429695404474,-0.7040605059998255,1.0,0.9188082608721417,2.916497930059913
1.0,0.7714942125386188,1.0,1.0,-0.650181066676543,-0.07528965837657714,3.068202039680176
-0.17385752921835418,1.0,-1.0,0.5101823100304546,-0.9759083983262424,-1.0,4.983459787429196
-1.0,0.6785242551773722,-1.0,-0.9990991493583191,-0.10381488370539593,0.38749107093786544,1.5721417346547406
-1.0,-1.0,-0.49398112509640624,-0.7455770788056482,-1.0,-0.07269122332869354,-0.9094606632667336
-0.9032970294400402,0.42819401269649016,-0.37419555718256803,-0.2358315650601402,0.8997579306986903,-0.2805968598119271,2.426015107112684
-0.9158174283621685,0.06462378763602568,-1.0,0.41529615589774604,0.25698615174607686,0.03991986313246121,-0.5577790448397513
-1.0,0.12505609059116018,-0.046729920862720986,-1.0,1.0,1.0,7.8626611214679185
0.6795746378421572,0.809854296016452,-0.35297901120495356,1.0,-1.0,-0.09605428638246039,4.19817224469836
-0.45905878652568743,-1.0,-1.0,-0.5502085663232008,-0.36436632249453216,-0.7496283683027285,0.6301236940381335
0.14001590407150155,-0.7614537292081356,0.22482130194153274,-0.39048582761458916,-0.6504570051216828,-0.8169831803646939,4.19897333308182
-1.0,-1.0,-0.6304722995417635,-1.0,0.06745045749486678,-0.8137305225325492,0.7103313784004082
-1.0,-1.0,1.0,0.07335548700575506,-0.39443223190887466,-0.053109727670843654,0.9188855289003965
1.0,0.9088697891352477,-0.6168996655433103,-0.28265128955208957,0.23490326307583742,1.0,4.106495284443613
-0.6647572876596766,-0.9283031232541727,-0.3247188880206271,-0.5288928373321167,1.0,1.0,3.910956852228514
-0.18073778971631194,0.37778598275568576,0.6517014604143869,-0.5375914266501625,0.005782354877928109,0.16944088962896842,-0.04854340483034378
0.743805070492833,-1.0,-1.0,0.6677905072720262,0.41429728467591687,-0.5467336193314063,-2.7498085870802558
-1.0,-1.0,-1.0,-1.0,-1.0,-0.9456239771922121,4.39450948008199
1.0,0.3585318966165223,1.0,1.0,0.6484056259455107,1.0,-5.963012012978399
-0.7309711025954588,-1.0,-0.7441163081361177,-1.0,-1.0,-0.20591776316480392,1.499027085329706
-1.0,0.031636474378538226,-1.0,-0.08321984422881779,0.24316023005413945,0.2262213833364929,1.4970705483342828
0.47062430780522146,-0.2763401280316452,-0.8631722843217104,-0.7429903210333431,0.7027032177550984,0.2864139670710377,-1.9005527883542903
-0.22003896625472819,0.31103984651674627,-0.041000746602668725,0.2687879733478069,-0.0923807204263477,0.4201824697741192,0.8538342599219316
0.18372539026262621,0.9467358537873508,-0.3752411093089764,1.0,0.43019232966043164,-0.7519499730045667,0.4543135705182537
-0.9037527087030219,0.057761600380397904,-0.560641987495904,-1.0,0.572015125885704,0.7081451289761709,3.507418861180266
-1.0,-1.0,-0.509329180046906,0.3380462196852687,1.0,-0.04491149552565875,0.035881495537322186
-0.3797320783438081,0.31674261816571064,1.0,1.0,0.34285046360532445,0.5800967169859167,-1.639643524349306
0.46239815198466894,1.0,-0.47673340644593787,1.0,-1.0,-0.487832278254383,4.902520622728957
-0.22729544297718857,-1.0,-1.0,-1.0,-0.5021898207886761,-0.9102849044993784,2.4685717304344283
0.011562576537420766,-0.20951451332482995,1.0,0.9602462558150129,1.0,-0.1544930291091342,-1.2696640400645234
0.38614694090272816,0.8354319291073959,-0.16429815058501857,1.0,-1.0,0.7349450795598913,5.087532590943806
1.0,0.23381940238350496,0.8116415130844035,1.0,0.16011441309169808,-0.53809203349125,0.6977079803207754
0.7946158195080153,-0.09073730875351782,0.9304020419739822,-0.20807230082425665,0.5223365232456298,-0.48610760737406034,-0.06604668319730811
-1.0,-0.12621186142428473,-0.32108173611450797,-0.829982283896664,-1.0,-0.799234720818857,-0.7543244662766213
-0.5092910592823575,0.42132432422085536,0.40578441176003643,-0.8586433862587496,0.291576917765409,0.8904155823703229,1.6624927628147328
-0.18393179476141525,-0.8579731706410882,-1.0,0.595533166325601,-0.1936020988716367,-1.0,1.4519266387646934
0.19007961704705556,-0.8337008392835488,0.43098809707946145,1.0,0.11825010165977431,-0.00960344904766286,0.4827631137100933
0.4737258314952024,1.0,1.0,1.0,-0.017667015638252237,1.0,-5.204262008036011
1.0,1.0,0.9350506044811988,0.3491384322013391,0.23941854536138563,-0.5262988905058102,-2.8745897911538285
-1.0,0.19635383993005828,-1.0,-1.0,-0.7986289163789535,-0.4634260970399957,-1.5792729132218855
0.19577454598456434,0.32649285199289535,0.7562991670459511,1.0,-0.7940917886245643,0.8633283483192702,0.24388980291271195
-1.0,0.11500893627255313,1.0,-0.393088555299562,-1.0,-1.0,-2.5609527581754743
-0.3136836669949248,-1.0,-0.5359641768760947,-0.07466550531378591,-0.2100555983556489,-0.3854168356682983,-2.0449427250864565
-0.5313733376640554,-0.6418641601566115,-0.6385707885941034,-1.0,0.8398293229260523,0.7976884329730155,1.7256179806336651
1.0,0.15525353923215324,1.0,0.7491968520055599,-0.8346177404478359,-0.5762247529454771,5.424805128608087
-1.0,-1.0,-0.7642413346923624,-0.6246224611232936,-0.7404921859604064,0.08604820626943588,-4.202318844461828
0.5134902157194897,-0.7259065158230416,0.33488827537241395,-0.030512388843685012,-1.0,-1.0,6.803182193166918
0.2323997280639624,-0.30147464753642916,-1.0,-0.6675783284209043,-0.8194399162914259,-0.966046043522025,3.209056344700564
0.4290477072619958,0.5364395237340724,0.09115269938174593,-1.0,1.0,0.06091917664861568,1.0308635139880213
0.1593329373791217,-0.0200763430228571,1.0,-1.0,1.0,1.0,-2.833485430149034
0.8774100543539678,1.0,1.0,0.3852150233636271,0.5078599765453138,0.49316053879175614,-4.66274603974291
-0.09166012838316207,-0.4562075132163783,-1.0,-1.0,0.7213493289171813,-0.848718517111905,1.9713569325876144
0.7846565883096527,1.0,0.4714119468159452,1.0,1.0,0.5521653134820528,-4.9799165668392735
-0.6544665377000879,0.22103618564148497,-0.6660530894780283,-0.2773808251238737,-0.29835301282847104,-0.6522589972848336,0.7328288737340433
0.7309522753018737,-0.6056545941763066,0.794067333417219,0.5958886641787284,1.0,1.0,-1.1392137340426882
-0.08706958887254279,0.4687994995589788,-0.47285854299827956,1.0,1.0,0.14256365647917035,1.51221273771861
0.04411090219385472,1.0,-0.635045119217019,-1.0,0.6621981804935022,-0.06680317199975117,1.3087506718325568
0.623366227650507,0.6235509554484162,1.0,1.0,0.36071382710487754,-0.46613585651907785,-1.5780378831926432
0.16486869323658682,-0.09472453281725524,0.337789491676726,1.0,-0.6932827341453098,0.17835855659287064,0.18815224422463117
0.3872105050236176,0.47683693773336316,-0.9597094273525629,-1.0,-1.0,-0.026056541512159415,0.5408160821865706
-0.8401279410974489,-0.15724365305055965,-1.0,-1.0,-1.0,0.24300072226216138,-1.6815308195450236
-0.07350637062097592,0.722101634588959,-0.5098490522506047,-0.7572367275188506,-0.3573189242964798,-0.44710284771846376,-0.11218166316716366
-0.22489152959316597,-0.12605724320506106,-0.6151043141689272,-0.6520514172032241,0.25512532727562154,0.5065243432859535,1.2450953227101227
0.5012245353735705,0.495638205015704,1.0,0.5152686703304998,0.33472160295599007,0.6404725935216964,-2.5977614454310647
-0.9823811206306938,0.6581747946844597,-1.0,-0.39174121441232246,1.0,-0.275692915975931,1.576248900461968
0.001974715488576695,-1.0,-1.0,-0.270059299542752,-0.8732232180057607,0.030018919289965494,-1.753930780318736
0.1224207437309594,-0.2947660632755397,1.0,0.5511611274516001,1.0,0.1835868533977446,-1.0827127798536738
1.0,-0.7025933997172122,-0.013647305436355048,-1.0,0.6567652879145867,0.6502054940880546,-1.5605674336052269
-0.10974404235265878,-0.680149912610976,-1.0,0.6525428062824865,0.08567685826253357,0.5846397787220441,1.6885282143121683
-0.6008230211913674,0.4450109292966903,0.7200876151065332,-0.1701156526151043,0.3614320994719664,0.35483891991106387,-0.20899499889469086
-1.0,-0.1021079123323538,0.9823406619872777,0.11274488048069897,-0.807012042607895,1.0,-4.48461487847636
0.1772177209882421,-1.0,-0.262067395649458,-0.12418463413116154,1.0,-0.12386499643952971,-0.9298354597978031
-0.14435842451019687,1.0,1.0,0.3782576746884989,0.8414431047638892,-0.5255212049623702,-2.172187907816002
0.7261878063195542,0.45291670419384666,-0.3732215347364539,0.9244603452151643,-0.004317540207812776,-0.40999569966194216,0.7046315084643084
-0.5348717554162099,-0.16971187602572102,-0.1078297567708098,-0.4798228408001609,0.5791215594981951,0.18849866369412016,0.7658474727155072
-0.22599259156952267,-0.6519478957618732,-1.0,-0.621421733943841,0.4435917526711375,-0.628058675123599,0.5805883483803892
0.5765466402549799,0.03007014103281397,-0.4169334972377587,0.8615875879912298,-1.0,-0.8223607773256527,3.343839298307267
-1.0,-0.5699987302542135,-0.2028706840256016,-0.8185752559760661,0.37135978060846586,0.29730220402979524,0.4699089091069297
1.0,0.22032681137659638,-0.5302610450974176,0.7031156989250773,1.0,-0.06481494414136435,-1.5945566794653017
1.0,0.5679054834140633,1.0,0.7310386787273087,-0.6048829961558659,-0.38484786038957397,4.044302337071345
-0.5983259705747669,-1.0,-1.0,-0.7278090853099872,0.9318025111594241,1.0,1.7107119372875905
-0.9344102368009576,-1.0,-1.0,-0.7178765143570216,0.9974536379676244,0.1738178213283934,-6.222458443915672
0.19216840517548506,1.0,0.8791495097249318,0.10815303730740622,0.013427238331514824,0.34516368143110654,-1.7472726861189516
-0.9529932619074306,-0.7470552358223295,-0.9284437070307452,-1.0,0.8644370334949883,0.44151535192783564,-3.308391514979287
0.15326935211353654,-0.4113643592635554,-0.1772764875384707,-1.0,0.1884069448582647,-1.0,4.634496517127748
0.6059675337639301,0.629829802830921,1.0,0.7160121792366865,1.0,0.22112537860476156,-3.756452660899726
-1.0,-1.0,-0.9672443571773539,-0.8138002123057431,1.0,0.9186739407255452,-1.4973416484723434
-0.055393446646144984,-0.673535968102329,-0.5206026993175767,-0.20308955538143358,1.0,0.9109981102519458,3.3549854900770395
-0.860390897621941,-0.10008937779682744,-1.0,0.8974162606727052,-1.0,-0.2729443215341345,-3.6686501930390776
-0.3012131868740495,-0.1914493115954905,-0.9522154058068351,-0.725243608090574,1.0,1.0,5.383874292281316
1.0,-0.13882610203738077,0.5737736124623241,-0.3315592091610284,0.5275131223442635,0.0399943151775452,-1.6064647860466683
-0.24063009461690799,-1.0,-0.5352733606728336,-1.0,-1.0,-0.35558872608826353,4.689212370942069
-1.0,-0.5767657451937914,-0.9900732381625279,-0.4947516565572583,-1.0,-0.8401520326159992,1.102365159992603
-0.9343841480043047,-0.12644717180772952,0.7315002041363438,-0.6760660538254081,0.40556526026278483,0.6808356930612287,-1.6930317309370078
-0.6300788386501757,-1.0,-0.28229610679833783,-0.28534646425993504,0.7897007200792018,1.0,2.945041891162695
-0.511525118047423,0.41040991348237266,0.3304390479070187,0.1398331985143983,0.6817414471711183,0.35373281236717524,0.3245014562231122
0.46229002220042303,-0.8433163002502202,-1.0,0.47262055049335855,-1.0,0.5816769333465869,1.8451648107903507
-1.0,0.007049769115837101,0.03613557338422335,-1.0,-1.0,-1.0,-0.7154530260365044
0.45217280918783187,-1.0,0.6106518735506966,-1.0,0.14708735609939594,0.015946366939520618,0.9276207121181012
-0.5942781285320412,1.0,-0.6523624445456695,1.0,0.4962530474683202,1.0,5.014448065999143
1.0,-0.017467736326164038,0.7705708889764259,-0.881685059123059,-0.37401240855143847,-1.0,4.972698611028344
0.5906986245043502,0.2523942055659518,1.0,1.0,0.8050297984916039,1.0,-4.361227551140661
0.05283486273347404,0.9629692042047877,-0.3890444065726337,0.2540205483052385,-1.0,-1.0,2.2688842217664655
1.0,-0.3706074209002417,-0.4519144313340812,0.6246367241853832,0.23953414480493807,0.5167432573871888,-0.6838516231942462
1.0,1.0,0.8794640833140706,-0.030585004970612728,-1.0,0.6913838141648956,2.4462473898146766
1.0,0.03282438861506809,-0.21421666389374783,0.9817929473900672,-0.07583858446341804,-1.0,5.019293947097034
0.19246914501960197,-0.018516382923638774,0.5640626251812436,1.0,0.24178022029504842,-0.4900312574130494,-0.2648129358275978
1.0,1.0,1.0,1.0,0.47166705040917967,-1.0,-0.5764994388947546
0.11780571525571293,-1.0,-0.44379604746311413,0.380636326972479,-1.0,-0.980430266947451,2.1810175609675877
0.09290658233858473,-0.6499104846126078,-0.7129380187318418,-0.3522032120614928,-0.07764274146776362,1.0,2.8296563726407316
-0.48767162584150603,-0.8313411295050374,-0.3455246976293458,-0.043581111244277604,-0.8849199557318259,-1.0,0.945629469597127
0.342747673755316,1.0,0.1277137161588931,0.2194598606366579,-0.33195352594396543,0.027291128521021737,-0.0557067966977004
1.0,0.30409816285839,1.0,0.17705918488687367,0.21811402583013706,-0.02503724819109651,-0.17012748768344835
-0.27800638857281035,-0.08825996951908174,1.0,0.19773836701057185,-1.0,0.26976563902352635,-2.5870139397318006
0.89241423656119,0.5863007553399002,-1.0,-0.5034422540369958,-0.23203121160633777,-0.19978852898150212,0.9987137365746188
0.5017192103785991,0.6837176831417562,1.0,1.0,-1.0,-1.0,4.758711511008798
1.0,-0.07259539090057388,-1.0,-1.0,-0.7774384529217753,-0.25804185416058256,3.65554994862105
0.4008205466185893,-0.39560398737228136,-0.1471703993919622,-0.2444385418232995,-0.5098356977152176,0.0326535198055421,0.6409171969847238
-0.8745759125792318,-1.0,-1.0,-0.8285936904800171,-1.0,-0.27281040892640657,-2.0087701453480915
-0.5165008327001344,0.05076683675965776,-1.0,-0.017937655025149768,-0.05205515161570107,-1.0,4.010766808805952
-0.20298621807356682,-0.9948902912865828,-0.1259218194646976,1.0,0.5147167702599912,-0.17754609388275439,-1.4685274296174402
-1.0,-0.4323530818636051,-0.88078100649678,0.3205028060882809,-0.20683057353142087,-0.8349589785305069,1.7540616827001054
-1.0,-0.6384211303201841,-0.158246089050728,-1.0,0.939954468808333,1.0,3.8487529182160487
-1.0,-0.051912200706721645,-1.0,-1.0,1.0,1.0,8.432994410396494
1.0,1.0,-0.301961432609143,0.4402539049101819,-0.5866148103633446,-0.24228510069398496,3.666541203075284
1.0,1.0,0.9660017479654055,1.0,-0.02838682432434511,-1.0,2.8817149352413574
-0.005574861689950583,1.0,1.0,1.0,0.2762400695818804,-0.10983426862485754,-4.507182013144253
0.815604754990418,-0.8612077399143346,-0.08204958041860183,-1.0,-0.5618445493356834,-1.0,10.146741433461637
-1.0,-0.41215079707732505,-0.5587489634187747,-0.660121246497462,0.2521443497236858,1.0,2.3148613557133046
-0.9595204524352087,-0.3616902509435758,0.6267581194085792,-0.07936336355315504,-1.0,-1.0,0.17673860334229052
1.0,1.0,-0.4870004395974413,-0.48219824013243645,0.5398338144426506,-1.0,-0.06617000769845816
0.38248175674984963,-0.6030982984589941,-0.47507483055398086,-0.31139624656845527,-0.32952606871871337,-0.25111627153631777,0.2948903693911556
-0.633351862230781,-0.13081601777324603,0.21226307039007553,-0.5643794363524867,0.8630602994555081,0.6563401666258863,2.4110207369683225
-0.039527152626533946,-0.8852530942897063,1.0,-0.9258565327514539,-0.10817638615090164,0.9990998602011365,-2.832025214248122
0.583452221485575,1.0,-0.8584499686071136,1.0,1.0,-0.6805849928241298,-2.434203794455463
0.1863564962412092,1.0,0.38333994324077114,1.0,-0.4312112126090056,-0.9841384488388921,4.904301754960059
-0.10627828053132476,-0.13022308065071486,-0.4408885124759161,-0.8168523037947439,0.03539131986536925,1.0,3.4653860905560063
-0.30692297130837976,-0.25347789654691977,0.10136593022739426,1.0,-1.0,-0.819050206696379,1.3677005261248651
0.257646623534428,0.1647121444686066,0.2502282015971345,1.0,0.20014628348627228,0.7162890740846619,0.6250149291600987
-1.0,-0.963094667773817,-0.3006030247920284,-0.14684955156748436,0.013129345196299047,-0.6605291054600944,1.4494084494072497
1.0,0.6463040092676593,-0.1882930635322233,-0.1713980264033838,0.4280258024537099,-0.44157283112623297,-0.8997752138632262
-0.9496452440711174,-0.028747076488794265,-1.0,-0.94980088434898,-0.6985506930861554,0.36877123775242227,-1.268947771582956
1.0,1.0,0.7062947932379793,-0.14147296657948427,-0.024732346015350737,1.0,0.018328405757258096
-0.5652592425177753,-0.8117426127895836,-0.6540051879773792,-0.3178357035056166,-0.8271397621008262,-0.9327500532741629,2.211213340502523
0.7378645509681363,-0.8231773404465339,0.826519345317662,1.0,0.5590115676025851,-0.2503779060002196,0.025540995689586343
-1.0,-0.8729286188019594,0.005538498618842758,0.02099266382827969,-0.9989267326332144,0.005841528792451367,-1.8277380758241328
0.6592368173960084,0.8461852553287297,1.0,1.0,1.0,0.8338973905661395,-7.38299682091456
-0.4683618519417936,0.8568029672881934,1.0,0.028447466395536636,1.0,0.16510247908867198,-1.3086098757045241
1.0,0.4342840625068274,0.2512724311166988,0.26983382442820036,-1.0,-0.9806213977067972,7.047429264064758
-0.7375424619422621,0.1724731721070134,0.6372709995754353,-1.0,-0.6684944749864639,-0.4808160160253345,-1.0800849659083407
-0.2745630677652636,-0.9830486632427343,-0.2416584902139438,0.004380757219336506,0.2012204823427879,-0.2915124924860863,-0.12029388735336219
-0.23761829370030008,-0.11963824496493602,-1.0,0.4036721019433185,-1.0,-0.23017838156961412,-2.8252403034951534
-1.0,-1.0,-1.0,0.4915411945982444,1.0,0.7096213282689956,-0.862048274951341
1.0,0.7134418051276616,1.0,1.0,-0.544647454978318,0.4587641636072116,1.1038355918319414
0.08393719209354097,0.8663903559523062,-0.1477847426311425,-0.9135467961473006,-0.3105115150673999,-0.6838888621007685,-0.13753464762829795
0.3840635196207443,0.47325687075252687,1.0,0.9405180052391904,0.7443233620564925,1.0,-2.8087328867549193
-1.0,-0.25125589839022433,0.35759340797746,-1.0,0.8985843569225485,0.9266887164516882,3.1806616889078216
0.3874870588407222,0.9587825743906415,0.5463291888270618,0.8429522686381026,0.002133800710267031,-0.9108173221720576,1.5149955077181938
-0.14758075962403605,-0.48145029058729205,-0.6378694239267322,-0.1446670276410632,-1.0,-0.9420086208570646,1.4008640079967183
0.21113374893332332,-0.870067501489058,-0.7872594305617229,-0.9733397832690571,0.5536471980999498,0.07188320944350626,-3.2860891598433346
-0.3920698607165838,-0.36476735672310234,1.0,1.0,1.0,0.32777624867100785,-0.6155598511922296
-1.0,-1.0,-1.0,0.5647335745724458,0.21237258603834455,-0.03112240543517103,-4.343352573676404
-0.5237769106759718,-1.0,-0.43700314399979356,-0.7351793440867955,-0.079207533012428,0.10374922094177841,-1.0693448573240836
1.0,1.0,0.19460200543147055,1.0,-0.8354261440001927,-1.0,11.19102113190539
-0.10778186754410113,-0.7936320619491937,-1.0,-0.8214837918203077,0.6571249225550873,-0.19846171525526257,-2.266461847141225
0.2358447118025967,0.3456969057028268,0.8059726771199701,1.0,0.48450832686502254,1.0,-0.03421842004452502
-1.0,-1.0,-1.0,-0.6952031140912946,0.9615247206650297,-0.9197742379466567,0.8466587285265572
-1.0,-1.0,-0.31110168752542267,-0.9336117697149451,0.15083620487689964,0.8611608208469222,-3.469894228917853
0.24421822321588943,-0.10366734595150201,-0.89711575024865,-0.005135205150902822,0.06145778889349307,1.0,3.9951906629355305
-0.5325111527218112,-0.4347385710340983,-0.9541434865769447,-1.0,-1.0,-0.2718242887013715,-0.5164091668484571
-0.3544801159513318,-0.2183648586691389,-0.6326823464705071,-1.0,1.0,0.8898562806572199,5.51778932571916
-1.0,-0.3951788126430571,-0.03335616290752558,0.4430584972366728,-0.07510903387731938,-0.5141621705009503,1.2051251594764243
-0.3580956737652121,-0.5983767959483031,1.0,0.6956145694494666,-1.0,-0.10287567560597366,-1.471737160737836
0.3224064161366169,1.0,0.04043689477674134,1.0,-0.921549987219801,-1.0,6.006342093873039
-0.27908960276870487,0.3034936108820938,0.2548725435765983,0.001592674702839414,0.5665707721233458,1.0,3.3476961215133123
1.0,1.0,0.45280591729530595,0.7448317598710883,1.0,-0.17276857290048053,-2.918789929008027
1.0,0.19930590912761192,0.3784493747655404,1.0,-0.27658935680281715,0.8982227308600346,2.9541984903720713
-0.09084132056334358,-0.2124592555038817,1.0,0.41022328909092876,0.5315577925305774,1.0,-0.5348095245821645
-0.5992609543264718,-1.0,0.00967825715473089,-1.0,0.09383695681160498,-0.17933120055533175,0.09881530859633128
-0.6814604962281735,0.06784482265772163,0.48810875299720935,0.411570105075418,0.26260058376374695,0.022046888312879015,0.3037116245856283
0.6343238002656199,-0.4290853675389585,1.0,1.0,-0.7228513526681328,-0.5261200397509952,2.102933733130387
0.08705379042414618,-0.03622984347164429,0.8841668620863804,0.441437903726855,0.9318072640639369,0.20441550046227885,-0.9011620929850412
0.6526046091236791,0.37891424542266794,-1.0,-1.0,-0.8820989493473577,-0.3534829505718299,0.9889404658580118
0.12473285411141727,-0.8255858463912158,0.5027592871895041,0.3719202670679808,0.33098617933383623,0.17676855376222855,1.1239957307956263
0.30092007709367263,0.4225425965088183,-0.25800334680454895,1.0,-0.28738428895782575,0.7911766762091857,2.0728486188150086
1.0,0.2954317337991683,1.0,0.48855624856107194,-0.01751140445977272,1.0,-1.4962210499726472
-0.009181868625208534,1.0,0.7654667938964168,-0.418417669846736,0.11461814226675748,-0.09397975671872894,-1.029205261314257
1.0,0.1960131156494085,1.0,0.1761972444783202,0.2166404005441473,-1.0,3.2629282965405038
0.653711429538997,-0.3377178370033395,-0.3319621911205617,0.7443021037385765,0.20146502652665405,-1.0,2.340396457621693
-0.27436108602831033,0.6824793771087688,0.02492913283932563,1.0,-0.9739483308958642,-1.0,3.2719522014117053
1.0,0.8625127929240932,-0.14247899066412634,0.8077047386273339,0.1263861749245816,-0.2084524039961848,0.7035899011550766
1.0,0.014335603528746965,0.5205210415643045,0.20955843008887887,0.16884827136209718,0.7688186210781127,0.15560300650751407
0.6846374624291374,0.3242639135203824,1.0,1.0,-1.0,-0.8407986036164994,3.9892925529312206
0.3248792312315675,1.0,0.47168731741161884,0.0037566340340411397,0.066877745805904,-0.20161628503215967,-1.7900323375559748
0.30798595905034076,1.0,-0.016108815002214616,0.19612296732217493,-0.39104171151475564,0.5948410078963375,2.576493202458273
-0.1189475435745152,-1.0,-1.0,-0.567321714339547,-0.11303621285531829,-1.0,2.5328680058007564
0.1906966368768157,0.20898106969748942,1.0,1.0,-0.01596089707182491,-1.0,1.265239705125317
1.0,0.893290481373365,1.0,1.0,0.0948121402516296,-1.0,2.46868278967784
1.0,0.8554754901255663,1.0,1.0,0.5483498656091554,-1.0,-2.1450791287304574
0.04709843818269566,0.7289363579182152,-0.8548507061676875,0.5477295846921105,-0.37689215923673236,0.8528176569746566,5.181310558608714
-1.0,-1.0,-0.43484542781780244,-0.21555879714491089,-0.5307455356596217,-0.17362572534655063,-2.2884391201629
-0.39624453330833764,-0.4174500971160835,0.3300334376690645,-1.0,0.096281811526161,-0.33920652916405003,1.57409779139322
1.0,-0.889112066027449,0.20780317735193193,-0.8286481489778985,1.0,-0.8910333868425613,4.71758183275925
-1.0,-1.0,-1.0,-0.7045992238859344,0.29504510505500414,1.0,-0.5309538945273226
1.0,1.0,0.8144747794687415,-0.5431574409403754,1.0,0.2849770236030553,-3.174131908591721
0.4012688374743568,-0.2807959817355293,-1.0,0.8860434103456626,0.8366809529858552,0.2608847464508366,-2.6775043789021926
1.0,-0.2464643485909166,-0.04084413098688644,0.38714001477427806,0.2350109809623461,-0.24863582529045944,-0.9045180256678347
-0.3866816159029347,0.6706497176916714,-0.4098866638277765,1.0,0.24703673818481942,0.5802377231928383,0.41648416417074974
1.0,0.334965230894664,0.939205237124938,0.1975905418467656,1.0,-0.006941294094077857,-3.2934039827212613
1.0,0.3278119978404834,1.0,0.6269853790637279,0.7222525144202089,-1.0,-0.9817720821939171
-0.5141700821905104,-1.0,0.16073134951876586,-1.0,-1.0,-0.38425572505542227,6.108781931113724
0.28824390075501455,-1.0,-0.23363258047666635,-0.9044622855736011,-1.0,-0.5628515574717553,6.679713489720484
-0.8343674808841659,0.962280365865176,0.3530500169514068,-1.0,0.1874812405148491,-0.9245545211459842,-2.0358453724536805
-1.0,-1.0,-1.0,-0.038717364781404306,-0.05794923985331768,-0.45255133320106866,-2.466316297867248
-0.46577838779355657,0.0004439287982281881,-0.0248311769982551,0.2228425059147467,-0.3131234054725387,0.06208594323000563,-0.21838704121447045
-1.0,-1.0,-0.7809681369162127,-0.4229199151283539,0.6267056226865437,0.17246019001383034,-2.334544372281166
1.0,0.41706085443883667,0.8040317379952815,0.07261357382368816,-0.2245373322865808,0.5400504450854788,0.4389107422930265
-0.5648796393514307,-0.6297495093917644,0.4199573287009255,-0.008342751322386044,-0.5447864724703799,-0.9597452753932282,2.107490082257423
-0.8028587331389825,1.0,0.6039975742771956,0.6380306910293867,-0.6838387628549709,-0.39348037298556693,-1.0474032381960061
0.4422480944512929,-0.5641092421477982,0.6292045331686039,-0.7398496134057919,-0.41509324227543676,-0.5366807309425365,4.560797440776029
0.7565227773247123,0.29084829566329296,0.4484224737794844,0.551848664252954,0.2778990328231978,1.0,0.8400332095806907
0.6066618750524568,0.8587404228532958,0.48709742174074466,0.8027635059197926,0.5256913813757471,0.45474935877940725,-3.264085965093587
0.6040209288457812,0.8168210449439319,1.0,0.35601029981985877,1.0,0.770200592813068,-4.694653829298388
0.6535593288130439,-0.6417651657078851,-1.0,0.6551624887844159,1.0,0.15200993441026633,-3.5406090393596843
-0.6858475272495115,-1.0,-1.0,-1.0,1.0,0.40738232403499064,-5.8982015046281475
-1.0,-0.6258824468361913,-1.0,-1.0,-1.0,-0.09879513931531814,-1.804774649584591
-0.42510923830642317,-0.6080436720938847,0.6309203017848164,0.25988072995208367,-1.0,-0.1596260489653205,-0.19482490016065934
0.45274522506890247,1.0,-0.4714944543664603,-0.13113719270550558,-0.718011331528065,0.08405363487788864,1.9938573426463833
-1.0,-0.282179840459829,-1.0,0.23025650352104293,-0.2742630195542415,-0.38851734008009287,-1.392101540415963
-0.5089486890711471,-0.35261738663634334,-0.029656305029662114,-0.24010075098247896,0.7351142167612473,1.0,3.215834273574863
-0.3015395047074816,-0.6874758137067546,-1.0,-0.5447645835159629,0.04465696917483647,1.0,4.799859020159953
-0.14167177429711653,-1.0,-1.0,-0.40291732710735173,1.0,0.12680011442340489,-3.5358924749054172
-1.0,-1.0,0.43914272056450804,-0.4433080015316928,-1.0,0.3731792945081386,-1.2207572842449896
-1.0,-0.49874808885664507,-0.03355264084240245,-1.0,-0.9022680195579846,-0.9334137810918259,3.241492990027499
1.0,1.0,0.3201342941831493,0.6994823792905096,-0.01645164925953435,-0.6169187962103679,2.0097386103188346
-1.0,-0.46485456081679444,-0.22555023197547633,-1.0,-1.0,-0.24784684988580424,1.9263614716480202
0.706970114406893,1.0,1.0,0.7434408660229479,0.5003112977890019,-1.0,-1.9996523588813775
-0.47763073625517816,0.5331113845480726,-1.0,-0.2016767610511142,-1.0,-0.22263174816213382,-2.322020466550431
-0.05928954339378584,0.563949846266748,-0.6399310485416294,-0.08928334284639128,-1.0,-1.0,0.16320236764089263
-1.0,-0.684926355197478,-0.769105896510959,-0.5766796687463014,-0.6086860047223323,-1.0,2.282854667616363
0.1545980230339492,-1.0,0.5912595058480908,0.17234339553439354,0.20455619896457472,-0.5682776790778125,3.1385221750066483
-0.39879956529507354,-1.0,1.0,0.6758428868776242,-0.4085877107025625,0.8092111970797443,-0.21053731115997035
0.6546625557930568,1.0,0.10874336127465156,1.0,0.017666765545044982,0.4463588752833305,0.7488446454896049
-0.22924908442525638,-0.03725399923314354,-0.14331577513184324,0.2869778763393676,-0.5059262827697599,-1.0,2.8371740471453597
-1.0,-1.0,-1.0,-0.4418980696409005,1.0,1.0,1.544400776481599
-1.0,-1.0,-1.0,-0.2855012482417518,0.4038856841571724,0.7862141608123376,-0.8645303700059608
1.0,1.0,1.0,0.027535379063447496,-0.5522242332847919,0.936331174108945,0.2157289439035851
-1.0,-0.263076842107283,-0.39638254912336146,-1.0,-1.0,-0.7560630090262517,0.4504528398288447
1.0,0.49984651613004094,1.0,0.21227784518108606,-0.08298315085619512,0.7947702398299661,-1.6950795558615275
0.9539032761157192,-0.3989711533940459,0.5258344555689127,0.26252436987849803,-0.3333166193736713,-0.7405644981288698,4.394959508458023
0.13144822855633165,1.0,1.0,-0.16605582882420844,-0.7845493526969745,0.403092849528495,-2.6953357185562923
0.5302170089366866,0.6233295565440361,-0.472555054976846,-0.13566170960575852,0.0663705097395784,-0.06723986530649001,1.0920709544437515
0.5275495038097047,-0.9896176382130739,0.6492475030594919,0.9751944824306213,0.10993569116830337,0.35014530527632326,2.2763033796403107
-0.5456924123157454,-0.7144098464828441,-0.05901998668962116,-0.9449103785276164,-0.8144827006586987,-0.48088951214492437,3.4113883626221666
1.0,0.12994275606169658,0.23263606960909966,1.0,1.0,1.0,0.7290130678982122
1.0,-0.23383890868568757,0.14324944428732367,1.0,-0.08969993451951541,-1.0,5.451008223808028
0.8779043111889873,0.0007742095163819629,-0.9623587816721766,0.3824557033319681,-0.33668109930883044,-1.0,3.8409676470496743
-0.9116797946756313,0.2474115369942494,0.6390732926560612,-0.21815813599127476,-0.5137985147099151,0.1792132850919036,-1.7667239580314706
0.10330988143558362,0.5572537707036846,1.0,1.0,0.04228721145939729,0.13121741786492155,-1.4873845819924103
-1.0,-0.022861402000846853,-0.5982714480969049,-1.0,-0.04563127317425064,1.0,3.1568003236968565
0.22765317395600923,-0.7144780701588477,-0.8644069684929355,-0.09898261773749306,0.11694425447657165,0.3377093816781245,1.634893617145369
-0.235137560332763,-1.0,-1.0,-1.0,1.0,-0.2811053086071642,-4.697410504269358
-1.0,-0.06373327868375867,-0.31165047140736113,-0.08689412918670358,-0.05613007814137089,1.0,2.2064359322671305
-0.5708175458792369,0.24118354539885878,0.6627621075957412,0.29379432846046605,-0.18125116979872863,-0.39423393470213675,0.37894168576124154
-1.0,0.3667950167538654,0.43314273976219875,0.5326042287398965,1.0,0.3664846640640468,1.9052087385093404
-0.6179371397875769,-0.8929461390061013,-1.0,-0.4654931949030556,-0.4214508343794061,-0.00694592502327257,-2.6725085716838923
0.6074261948822064,-1.0,-0.7987147421272438,-0.44775290277867064,-1.0,-0.0812732996794241,1.9445456144507367
-0.2970767646957866,-0.5000198669137097,-0.3599465828135483,1.0,0.18353343099346198,0.16318327371617336,0.1720151604009285
-0.33576005184132807,-0.4593619326378868,-1.0,-0.16677273947337312,0.5448318810508865,0.7426164973333645,3.3337698546569974
-0.22300775139322093,-0.46485696082602246,-0.8734030667805696,0.07798586032687271,0.47685755406200575,-0.5213703487079442,0.5106068798069455
-0.05777494692505075,0.34052431773974035,-0.20636398331643052,1.0,-0.6377158944872867,-1.0,3.645879291733682
-1.0,0.17199223082847598,0.04120306007416097,-1.0,0.010190591088735323,-0.11302623445923177,-0.82056164675791
-0.3934430941506395,-1.0,0.4962872908027946,-0.8342043954015833,0.6920653318817236,0.4335127167431758,0.5670245322944922
-1.0,-0.2084163004351378,-0.6581332778388471,-0.7938246195656635,0.7253507724307671,1.0,5.380399104773423
-0.6978741818999004,0.6841972491620554,-0.18422240411379476,-1.0,1.0,1.0,9.40604764243126
-0.9348949178260604,0.3999041504473141,0.008815608639784533,-1.0,-0.8065172791519266,-0.7264747797907978,-1.309370847705484
0.9694854616045157,0.5635559035921147,-0.3208101103727279,1.0,-1.0,-0.9450578794643862,7.965436548672999
-0.011813929392865519,1.0,1.0,1.0,0.2058435739182979,-0.6365878334322604,-4.132081024924133
0.07927192615978651,0.8526268568021527,0.029820477882919416,1.0,-1.0,-1.0,6.117149909824148
0.6129972594101207,1.0,1.0,0.6156837674056674,-0.07961136674606928,-0.19330960222636545,-3.582201390268928
1.0,-1.0,-0.06601768892185911,0.21108169905387214,-0.6643053347496695,1.0,4.872561801636486
-0.4138278298393232,-0.757842878301223,-0.5336250953864065,-0.2908084928288124,0.724520957100304,0.4058691870702217,-0.44365311275342023
1.0,-0.3527019432684242,1.0,1.0,-1.0,0.3350613295508219,4.398861745846265
-0.5734948729533315,0.9079832261114925,-0.3463237849573568,1.0,0.22751426226563265,1.0,1.977569623993401
0.002236581810507232,-0.26287598766304554,-1.0,-0.8366010507691095,-1.0,-1.0,1.499346332569103
0.09044630957311006,-0.13618964120718988,0.702117847731496,0.39327055910648967,-1.0,-0.4997257057022575,1.1706434912453925
-0.47816473755338845,1.0,1.0,0.08658123569962378,0.5150302371307994,-0.6867553614705627,-1.595970159095428
-0.7413920876719295,-0.41269853210406543,-0.7894460255524904,-0.39044887294244934,-1.0,-1.0,0.8012900546695463
0.19522261925931694,1.0,0.6426490521163707,1.0,0.1674103944626032,0.34524254825328354,-2.6203348001955797
0.7143768457256019,0.48440857743186205,-0.6218233261670207,0.19628264129028195,0.4717771404322719,1.0,3.185526407675429
0.33572695605004216,-0.4248137786863976,0.07990621139541731,-0.510881439066833,1.0,0.07692730021753857,-1.3356729802329947
-0.4238807748200948,-1.0,-1.0,-0.09323040902162893,-1.0,-1.0,1.826751635193874
0.5542232848349549,0.02028128977203325,-0.6497230213543849,1.0,0.3103814716520009,-0.8834937797961553,0.38149033034859436
-0.6552317868303059,0.6107046223720449,-0.3397130595524744,0.7904191964354712,1.0,-1.0,3.1526573441118013
1.0,1.0,0.7340684138673461,0.31892979003556676,0.5934166167917383,-0.510413256628969,-2.374944472834889
-0.12332760735986326,-0.016387840957512,0.11528796735098865,-1.0,-1.0,-0.294646017435815,1.9297440558684613
0.48678976949832325,-0.8695112468686695,0.18326534767719146,0.9629943545718225,-0.0029538518354188525,-0.3532595700341892,1.1380802519239372
1.0,1.0,0.7304203355956522,0.009960922681665596,-1.0,-1.0,4.539138613905555
-0.36106176895352227,-0.9154881535616324,-0.2174771616994462,-0.2797229334339302,0.6619981169124916,0.02636783750336591,-0.125821043934429
0.9866339571238198,0.729050117768048,1.0,0.5142333744617537,0.4786825489433107,-0.13731409854376891,-2.344444857794006
1.0,-0.24680999012086396,0.28767572400965746,0.4230367659906824,-0.46065241175169147,1.0,4.35244486338437
-0.04085009082989022,0.3924294272891331,-0.3493721460818223,-0.503090619265552,-0.5918260174159311,-0.0788584573069595,-0.11982213052224165
0.12199328680480614,0.5868732238833038,0.6489643680789909,1.0,-0.23110225328055767,-1.0,3.465042134038554
0.12379279105309826,0.7797087994270699,-0.38292558477421035,0.6614119846160735,0.06654728897388298,-0.2148137130890589,0.4908001945461189
-0.5112354127715227,-0.9194137370079261,-0.2994753840637504,0.9630672921029702,0.8885190192042522,0.4526391312768936,-1.2428443744031181
-0.8251785691579658,1.0,-0.44047914160833646,1.0,-0.4102106952075447,0.11267177921789151,-0.05659580716792832
-0.511757824860909,0.32650588121815555,-1.0,-1.0,-0.9653443194464668,0.034085150658387686,-0.49070810582707325
-1.0,0.4348644188690104,-0.700499649625576,0.16397912286893618,0.6261670234385938,-1.0,5.673983674081947
0.35783558573421076,0.7540330867929237,-0.9733192701440048,-0.8946062867754239,0.6314066927515906,-0.08361137379428207,0.4165635890147843
0.24476149576124695,0.4883947827081172,0.46741428418156783,0.9982353422075376,0.19761743839485457,1.0,0.47101714899946545
1.0,-0.36088157698989687,1.0,-0.3180241210166125,-0.18035096245347643,0.39543574963188644,0.36983988845830507
0.44940466847288474,0.34698290245496843,1.0,1.0,0.04990121005054848,0.6383639377399408,-3.136600469160349
-0.31242676575405165,-0.6991589671639046,0.13349686949226955,-1.0,-0.2615333619471793,-0.09289122306504814,-0.47263085928552073
0.9204341538904363,0.2025435859623481,-0.7130319920441791,0.18736078279022145,0.4756434782024128,0.3957059907709939,0.04719948191885648
-1.0,-1.0,-0.3673173172054872,-1.0,-1.0,-0.13070029891830548,1.1514178577762086
1.0,0.17918804603052507,0.027429691815628265,1.0,1.0,-0.6397297169312633,-1.634654949010279
-0.516079837926125,-1.0,-1.0,-1.0,-1.0,0.5095043251753402,0.4049116572304323
-0.13226093622033985,0.34370946913037626,0.7515729501106572,-0.977532718913037,1.0,0.29942340613688545,1.3001440881931368
-0.4221094332082085,-1.0,-0.7490341758418373,-1.0,1.0,1.0,0.7588281215938771
-1.0,-1.0,-1.0,-0.912564999221488,1.0,-0.1767666663715849,-6.609440732075149
-0.9464135434618823,-1.0,-0.4724989642776869,-0.9365263137342594,0.07671096298151378,-0.2448617576395675,-1.7831186355531856
-0.2846339213811224,-1.0,-0.22984192721986899,-1.0,-0.3273119563769358,0.17162023880360083,-0.5317355112820368
-1.0,0.05563154071600551,0.023072148133071513,-0.3290206314027144,-0.026221784077278265,-1.0,3.044775706829283
-0.5203910422766336,-0.7570950896817303,-0.06383196545561054,-1.0,-1.0,-0.9337154739863476,5.373947982055391
-1.0,-0.40265257726890535,-1.0,-1.0,0.3340268388394445,0.2571125090109403,-4.576179067877808
-0.039602360033556216,-1.0,0.37668911641515834,-0.5548191874464712,-0.7226817494726449,-0.5723070827852391,4.715452874894728
0.03687482812215748,-0.6907447122523556,-1.0,-1.0,-0.7011661243205524,-1.0,4.7150281053957865
0.941181528385943,1.0,1.0,0.24108965426002826,0.40836937277334995,0.7813641373057136,-4.64977721973652
0.6833224764373389,0.16825037287560884,1.0,0.3778937684559409,0.2451493396663491,-0.1750049277366832,-0.4625851989016926
-0.5937293286209324,-0.8310084785600799,-0.504801548371568,1.0,-1.0,-1.0,0.5494170905318092
0.2308518319853621,-0.9613415280335809,-1.0,-1.0,1.0,0.04527123842382763,-5.536760134753763
-1.0,-0.7963338716108013,-1.0,-1.0,0.5069406116771595,1.0,1.121633910029844
1.0,-0.29860802799006736,-0.08227819944568737,1.0,0.8706066598458853,0.029536824033608466,-1.5942377148426956
-0.12228573810145908,-0.40640181112226587,0.26761931289526,-0.045539066196711206,-0.36124800642521177,0.6004897366407268,-0.4209174794866795
1.0,0.06910986543852982,1.0,1.0,0.16122407363979685,-0.8838619556392907,1.38927863002871
0.9706045533640345,0.052299870079481225,1.0,0.6021868552582831,-0.44384648840032387,0.5877309024184163,1.464388858129018
0.3787161357776496,0.37403948576144336,-0.47630118103411995,0.4355021834875332,0.8696204808286114,0.005186412614571381,-1.147227381516698
0.5919267059848506,1.0,-1.0,-0.2998069954634473,-1.0,-0.2946805628359611,3.172424341294006
-0.9831776249475728,-0.09605322030230967,0.571263080777846,0.22841261703886917,-1.0,-0.4806447427838372,-1.8945847537959022
0.06865646833021954,-0.605700608353631,-0.6352276655003761,0.6077028554317481,0.3096458128210988,0.7844803777572573,2.3470158585399234
-1.0,0.33500782429376375,-0.23461273707732722,1.0,1.0,0.21972664107606776,3.754862132771055
0.2953810615856521,-0.6387297950936062,1.0,0.5969748274835015,0.9692829398679159,0.5097387796267868,-1.7472378647311806
0.5391426494991809,-0.9073924813217433,-0.9507833668206946,0.890383547925074,1.0,-0.308569348304945,-5.609206471839383
1.0,0.5514500724322273,0.5729604172292377,0.35013104102428017,0.6689125695893766,1.0,-0.81248259011456
0.3946138495916778,0.3022183009686179,0.16465104011189502,0.03667634980663659,0.6809918770907291,0.0321019267393815,-0.5026273368401734
0.9446867099174682,1.0,0.857289547917148,0.6682072921048244,1.0,0.23332395084248425,-5.899397027634977
-0.4522761757942862,-0.16611840005465317,-0.9602383437530061,-0.32264143369397985,-0.16204335202229653,0.3140474999510323,0.42112723253976003
0.2835867294989243,-0.5729931097362604,0.8769181520013871,1.0,1.0,0.40825546909168453,-2.3303589982947535
0.21532764961874984,-1.0,-1.0,-0.8010441616924773,-0.7494450751967856,-0.23429196323395096,-0.3068269800737451
1.0,1.0,1.0,0.12858046351648533,0.4605937869479869,-0.7541183135130496,-2.2937714620083356
0.08726579359553499,0.500050122401037,1.0,-0.4010942052665241,0.24060280301799875,0.026364969543357264,-0.6803112595508654
1.0,0.5571382377433074,0.6612295185334935,0.2599507130362351,0.590847501184498,-1.0,1.3098495860962776
-0.20428525887543902,-0.0311974078585307,-0.04859937321978519,0.72731103151283,0.6150661290549273,0.6038346549911173,1.4786013276885193
1.0,1.0,0.14003820174002857,1.0,0.5028148206728945,-0.3224769108622183,-0.9904745267944302
-0.9473915721072924,-0.07082002887760558,0.1393479121324972,-0.8663474297151136,-0.8351364709019813,-0.7552950636041069,-1.1132576366758138
1.0,1.0,0.14144103467698405,1.0,-0.41003063947334395,-0.5421061423640254,4.65730763064145
1.0,1.0,0.687982797812773,-0.49630157912407247,0.6658261776091206,1.0,-0.951867038818929
0.031077448126886953,0.410288889349168,-0.5844104782858826,0.829071681109499,1.0,-0.9442287768555881,-0.5799899335563349
-0.5132907491743204,0.4499284802796508,0.548569663178915,-0.5000999196425984,-0.5686083101468498,0.14982366147400017,-1.44427228905327
0.20175547264577465,1.0,0.6025315022800872,1.0,-0.2534641176644956,0.20199489426552586,-0.708059810745884
-0.04813116827542707,-1.0,-0.7227519718653519,-1.0,-0.9455654204216606,-0.03743556823361471,2.2352020999884883
0.8127194893427382,1.0,0.8676793375482597,0.612842060726677,-1.0,-0.5701131003452666,1.6100033456656446
0.5064837549522265,0.7016696864521832,1.0,0.2957025904039613,-0.5971843824011791,-0.1495446595819543,0.5512596548680433
0.03349671034686841,1.0,0.48636453134066193,1.0,1.0,0.10889886267870308,-2.2612730974670647
-0.006068054760793806,-1.0,-0.1559444547379767,-1.0,-0.24039188352661722,-0.7117704149616392,3.53667672967341
-0.2619353132543944,-0.7756431411815174,1.0,0.5791640542452539,-0.874424069060341,-0.09961688030134994,-0.3012522323824741
0.7202342633926819,-0.017644609247625453,1.0,1.0,-1.0,-0.5970334715910309,3.853848885858646
0.5774590958268357,-0.04050925507764713,1.0,-0.35664042863327217,0.42265727113753354,0.7595064732732596,-2.48957074898927
-0.04772811636071139,-0.7188602694973099,0.043372267266154396,-0.45191738394032605,0.5783666124081657,-0.4411580372367649,1.7217517100990918
0.4248855656405599,1.0,-0.8766099711107308,0.9347285618309299,-1.0,-1.0,7.887837197154289
0.0939082369367048,-0.15773496509605112,-0.0938986822734359,-0.4546806382799318,1.0,1.0,3.6503682537016284
0.7487105874491876,0.2813757112034494,0.1304990741608807,0.8762754142610074,0.4611754593939261,0.09617365898585245,-1.2450441873706657
-1.0,-1.0,-1.0,-1.0,-0.22463327466762883,-1.0,4.0450423264687085
-0.6801231514951045,0.911668689804247,0.07036186419882132,-1.0,-0.9646859777146918,-0.15735763774973255,1.0169887106543571
1.0,0.22353864152745034,1.0,-0.3713320577021049,1.0,1.0,-5.605611850604307
-1.0,-0.8793140798964099,0.2667707003140001,-0.4615303640969364,0.8337057018530247,0.06067125307866321,2.8982098891806096
0.3454484902410762,0.6460410132782155,0.6021197550639463,0.4317345943507508,0.0018560421410747652,-0.7538904102119122,2.025597148267389
-0.1804665765857755,0.3480365875675332,0.5512640767749541,0.05490399620500955,-0.08765731482474459,0.08920571631839092,-0.061510337330252574
0.46403000639315206,-0.45743014455367337,0.3897567213836125,-0.07294045659986126,-1.0,-0.7203826827090187,3.693038269636171
1.0,0.2939168589921742,-3.954102319225772e-05,0.46288441492161364,-0.9567851253837895,0.7203191518263603,4.532009472092332
0.4707989309740427,0.6244546408969647,-1.0,-0.8689893844163564,-0.2299075976424545,-0.028710402285273218,0.10834186503899329
-0.0789766427406613,-0.952092027637024,-0.8093710877614293,-0.65094451966508,0.8048247645028281,1.0,0.352018288076397
-0.026092968410819373,-0.9726723880809564,0.5974727483525439,0.9780038215207068,-1.0,-1.0,4.759416364466621
0.2694497376008828,-0.1482113787871513,0.2920440958391729,-0.792284772080507,-1.0,0.68150805843711,2.7798213263552283
0.3398417242725811,0.6915831096031169,-0.08215773792056702,0.17562997844281725,0.036368362898012846,-0.2875034975915708,-0.31311937638269527
-0.6185356463365436,-0.4593798555836104,-0.5684395497571583,-1.0,-0.06156469103921702,-0.5751901024597814,0.5400510476615358
0.7048823980388126,0.35687938030293065,1.0,0.9729426216782124,1.0,1.0,-4.449790821011599
-1.0,-0.6383372747527747,0.6042606810468344,0.5046058151250583,0.8186444220687425,0.5568189456855038,0.5550877764234514
0.48624192617731943,1.0,0.8726640378071049,0.20904316117761568,1.0,1.0,-1.823846857716304
-0.6200040301155622,0.41633362048935063,0.06970547769894986,0.09426734854716173,1.0,1.0,5.513871511459843
-0.33743233216969304,-0.6509690173697356,-0.9145261313596047,-0.9755386755885602,0.0033802376928889766,0.7021735691903019,-0.5833787572126825
0.5727959200686454,0.7141472504708272,0.23592443213685665,-0.2603248080893522,-0.6664979938749676,-1.0,2.9051824040119905
-0.4281951413898739,-0.9885779505855163,-1.0,-1.0,0.17958963150832735,-0.7973042050766388,-0.7087190154516945
-0.7079395429817184,1.0,1.0,0.5748393877618987,-0.6952523209715655,0.5952330170181566,-5.523043669644461
-0.17329831196373385,1.0,-0.19518783078089308,0.2819650681793535,-0.18852484815864157,-0.07807606123854982,0.5809590451023396
0.17118029236081586,0.504672251580672,-0.34856170835230676,-0.43666438124823426,1.0,-0.8690072015804344,-0.20378241160796823
-1.0,-0.5026485730096251,-0.18510766290855196,-0.19320665767294137,-0.7902416306674953,-0.9895517243916967,0.7216360856467081
-0.28557176426200503,-0.4299795239134948,0.11593479507848664,-0.05493515013070438,0.6623752264414331,1.0,2.518187271781252
-1.0,-0.36113213643447395,-0.2601573134404269,-1.0,1.0,-0.8911422788431738,8.022129860032422
-1.0,0.2563831162940488,0.6916556061814789,-0.20920573425120087,-1.0,-0.9602312618621935,-3.157734754853826
-1.0,-0.033976775614722454,-0.2491858897139017,-0.43035304027270105,1.0,-0.6864607983349683,4.448875678826158
0.5808099861259668,0.5911848940431051,0.12459794921027575,-0.32873980424374694,1.0,-0.20414903361869602,-0.3230368524741216
-1.0,-1.0,-0.14200837325272353,-0.06034902301428691,0.5063037138260449,0.7917399215436743,1.849712095773918
1.0,-0.5967678802375355,0.40801723339948237,0.711571869447788,0.8342640961981117,0.4095181845878656,-2.699963681584449
-0.6242664592216264,1.0,0.42218730592202874,1.0,-0.12613220615875026,0.31590894615336784,-2.165785736454699
0.27224538728061043,-0.08086269969636933,-1.0,-0.8198585394954356,0.2422818201117578,-1.0,2.223113937350109
0.26737991244149195,-0.042281186004397675,1.0,1.0,0.22730729948046335,-0.18965406316404287,-0.39081155441274584
-0.8378489894936118,-0.21978218880945957,-0.6769087824019606,-0.7731669715610153,-0.6381431761828315,0.22109857057239513,-1.5378720940876254
1.0,0.8185793718501018,0.6802620081892856,0.9373097243554727,1.0,0.44499970213137585,-4.923195940757335
-0.191628117756237,-0.4317300744710739,-0.12316098467782027,-1.0,-1.0,0.20494434260215585,2.2845828139297546
1.0,1.0,0.23226819625200257,0.08545644699148491,-1.0,-1.0,5.699722665375091
-0.828344847740527,-1.0,-0.7979205598725244,-0.8934812667577059,1.0,-0.19287033094257994,-2.623972332300966
0.5314069755613262,-1.0,0.09599718697184619,-0.9872451669734094,0.3933693940506348,0.19268040073805198,-0.7151017741103727
1.0,0.37833960409692313,0.9170635115709773,0.9807308497888352,1.0,1.0,-5.302250602755817
-0.8347198761971248,-1.0,-0.48302645618161555,-0.020068002662823492,1.0,-0.806249308535161,3.4117587443291812
-0.4303337757452701,-0.46580481983008865,0.8827418138403667,-0.2493504177448247,-0.18600368186046579,1.0,-1.156257661280462
-1.0,-1.0,0.3855081331279949,-0.9065778217296468,-0.2982765018525886,-0.3212919073410502,1.0479644549117915
0.03178843724288177,-1.0,0.3456528012974768,0.250947029925362,0.7205126285307653,-0.09915632886261333,0.8802060032584276
-0.16940639688857195,-0.4342194373916396,0.8917020404026336,-1.0,0.3002797399670299,1.0,-2.9983626619590784
-0.7667820450546072,0.18770725722123072,1.0,1.0,0.14575141334824465,-0.152954470520209,-0.9188523174447168
-0.6286748009682402,-0.6265675107368349,-0.8686259723967763,-0.6704953204385231,0.4025704269377368,1.0,3.79826794034308
0.9485859964782482,0.6317286375155151,0.533163986047019,0.8406747231796587,0.0693304559615952,0.5273290296206441,-0.1657018448301223
-0.6153161784882857,-0.5420675933026707,-0.6412356584838719,0.6215691455732073,-0.20240321092962,-1.0,2.404159526238033
-0.020078192754318075,0.9390722604959716,0.9511398622009155,0.26587003184009805,-0.25549938014926576,1.0,-2.9244524978303876
-1.0,-0.34015849902441,-1.0,-0.5246705630061135,1.0,-0.7346669074030009,1.8900129436373119
-1.0,0.4045445709027438,-0.42591375382741126,0.34750008381703956,1.0,1.0,9.10968318489923
0.23281028407518117,1.0,0.11861309005948092,-0.997904005443933,0.328841635405691,0.5874501781605526,2.628512442299711
-0.04941383579332853,0.9349603170385856,-0.6210396160570151,0.06614863653953532,-1.0,-0.5408526069092873,-0.06252695421751919
-0.5128117282778908,-0.7447568249908434,-0.7603457815067884,0.4432370321896263,-0.6357539920806133,0.6282894867470057,-1.0065047304497898
-1.0,-1.0,-1.0,-0.5766200968799036,0.844652093644355,-0.7572487561766512,-1.4469331217376669
0.8462289357089355,-0.3854357097159788,1.0,0.5035512455821614,0.37828414544367384,0.4028933184294692,-2.505170797423618
0.3993251149364274,0.17912495655664373,1.0,0.3612222406672363,-0.44763887413217385,0.8087999417392399,-0.8868111365188154
-0.9949883463110372,-0.26968482549417505,-0.9484418861722811,-0.9247127978725194,-0.5009119902051726,-1.0,4.156912116870338
-0.3018907519075915,0.7915918356383289,-0.22262574672490199,-0.2170756260060331,-1.0,-0.7253442958112617,-1.348389160706418
0.8747678973805398,-0.11049053132116277,1.0,1.0,-1.0,-1.0,6.109713391641088
-0.06334106040093435,-1.0,0.10596997170900979,-1.0,-0.46944982656870615,-0.6146798936565983,4.536726420259225
-0.055370928103084305,-0.2723517477904523,-0.02781322896313937,0.04650357494654517,-0.9243131526351134,-0.07805392828712387,0.8973527844623034
1.0,-0.41523658073374164,1.0,1.0,1.0,0.4788398597480958,-6.236408299611693
0.7449891764068031,-0.6378389674546638,0.9778674918616448,0.3411580338255715,1.0,1.0,-3.961788071326576
-0.8987914999177988,-1.0,-1.0,0.32080180576281275,0.23804112865294716,-1.0,3.2941686002167243
-1.0,-1.0,-1.0,-0.10277744226700092,1.0,0.5576385259936505,-2.0785401165552657
0.786590851336472,0.36055555553485563,1.0,0.29457902535687774,0.7465340381852781,0.5298079928702588,-3.3363524893923993
0.112754265566655,-1.0,-0.5471432319771754,-0.5288205504365986,1.0,0.4875848092371111,-2.3163502528586113
0.5349670722620792,-0.13117649246124868,-0.7614432358879978,0.1169622498097691,0.30559352449610366,1.0,3.172785688358498
0.5127187753861033,0.5453363472521152,-0.7639325631657011,1.0,-0.6329562137891904,-0.7041203555374609,1.8466973032525131
1.0,1.0,0.360205769767022,1.0,-0.17728394877109088,-1.0,7.242314348971585
-0.06743613129533799,-1.0,-1.0,-0.7782296676839178,0.09096368157030699,1.0,0.910543188583038
-0.8634619100018168,-1.0,-0.8439889516938162,-1.0,-0.13929719533287782,1.0,-1.1663047769459043
-0.14104959783443258,-0.004572139416680332,1.0,-0.47679052119317555,-0.02656389882809329,-0.07772843797960893,0.7861589314205202
0.8293370311260675,1.0,1.0,0.7613704753561212,0.10548792058453813,1.0,-4.9753075439484595
-0.7074116965727713,-0.25279015564121754,-0.8484923047447852,-0.773713385111413,-0.39282119133065824,1.0,3.17266773099939
0.6656296077664805,0.1359920337889423,-0.6677264596515715,-0.3039164171420262,1.0,0.20098841733140577,-1.8689168057756598
1.0,1.0,0.3098848220743297,0.8722283443310979,1.0,1.0,-0.8458190883629176
-0.30725010698522776,-1.0,0.4105368442913206,-0.7889121983857643,0.79421765354363,-0.020314339673655563,1.0812078746511389
-1.0,-0.9364776377419877,-1.0,-1.0,1.0,1.0,-0.4809232285424493
0.037527015914185224,-0.7118537139846972,0.7665107495019956,-0.7637889015442072,-0.9626276962251615,-0.6878042452576871,4.830860587773103
1.0,1.0,1.0,0.13914065906441286,0.6856544022651825,-0.4526604602700555,-2.5851758189489704
0.7979228052571321,1.0,0.825826358858782,0.616469059057299,-0.8370212325421523,-0.22689563207609054,0.9834424530451331
1.0,0.8350389210271061,0.8059476111162471,1.0,0.6477323959683121,0.784788969394544,-5.468280282232992
1.0,1.0,1.0,0.7739996616677985,0.029715139642782717,1.0,-5.351104359907663
-0.6786012499934267,-1.0,0.3389492409607676,1.0,1.0,-0.3406983820240885,1.7260115661356283
0.07102076604574559,0.42160059332180155,0.6480226611097512,-0.19909864288043527,0.9718995390928014,1.0,2.866705552855162
1.0,0.4745699446502528,1.0,0.4861002323849791,0.35088130269523865,0.9957872366098341,-3.9764887525643227
0.945831808558296,1.0,0.569178371270358,0.41399334618167183,0.31615436597816615,-0.8787237851490627,0.3008040199381036
-1.0,-0.3840680343271027,-0.24986948788658236,-0.8879206964930348,0.4018585582351759,0.42100090916569655,1.0716963577044936
-0.7773427536207176,-1.0,-1.0,-0.5654031319747408,1.0,0.551074033254563,-3.0737026994595786
0.5701629294579595,0.7946250841671063,-0.5152648610698861,-0.684662381959845,0.26600688687146223,0.7789552705194106,2.644763970647708
0.5510934675075783,-1.0,-0.034380237867286334,-1.0,-0.7351918607820281,1.0,7.285090530050596
0.6713718932589054,0.13321279385219809,1.0,1.0,-0.1429233040043018,-0.5276930569350327,0.04540558667470418
1.0,1.0,0.5952267836828624,1.0,-0.8564782989669307,0.3216292798629438,3.568402016430066
0.9967593736163249,1.0,1.0,0.7054995476371253,0.11783812879393624,0.6017747629622374,-4.612720073605861
0.2935386410981659,-1.0,-0.46062404870323614,0.36169938792643963,0.2900063918067732,-0.27738395730873217,-1.5954326536274557
-1.0,-0.04676883247324448,-1.0,-0.8119739589056614,-1.0,-1.0,0.9758018144054765
-1.0,0.5361073295942529,-1.0,-0.10234716733904413,-1.0,-0.35764753787786097,-2.33080626152419
0.19858907397675907,0.08387146173699356,1.0,0.8921077886385111,-0.6873251950540626,-0.6111572719031894,0.7486991104694977
-1.0,-0.6776645760530441,0.24606538195296962,-0.825471247721538,-0.6167924369706362,-1.0,4.107504085382635
-0.8376493094963957,-0.530751693768353,-1.0,-0.4602230778773472,0.9704495022037287,-0.4160076681267882,-1.0459348686196914
-1.0,-1.0,-0.3351392080700575,-1.0,0.37817760643658105,-0.41322607116846455,-0.8171978148781952
-0.47140355537918166,-0.5692180784897658,-0.10981998416049676,-0.48283398057891236,-0.8287108158691555,-0.9506928408085872,2.5303137872048835
-0.28082963074623335,-1.0,-0.7829183091505861,-0.7086099616055768,-0.3729540789655585,-0.2452497266090074,-1.7785806587333353
1.0,1.0,0.2916761234033538,0.9667708213143649,1.0,0.40731457441613367,-4.665039094796734
-0.9212085869361202,-0.7056719854466735,-1.0,-0.24911124381416894,-1.0,-0.024216813913311208,-3.4693810559250635
-0.9693252270843106,-0.13842182938556286,0.39785735475684103,-1.0,-0.9124589049097165,-0.2755675696752448,-0.059509089271626285
-0.5681820016996818,0.4951910419406173,0.06374543758425211,-0.04166418553138995,1.0,1.0,5.995961852282413
1.0,-0.22282116379068057,-1.0,0.9734394485084821,-1.0,-1.0,5.745980943867081
-0.7259581799336368,-0.8719741503590428,0.4330398810128806,-1.0,0.3624133531968039,-0.3588950006283588,2.952971651012028
0.07571757407595106,0.9973275194519325,1.0,0.1141503097683349,-0.0188943481220033,0.2740885005605061,-3.0034957304790617
-0.8108123090371211,0.21679050536796957,0.7989333363794169,-0.26568599844310636,0.16064172446623948,1.0,-0.10826763845597076
-0.7095478465636618,-0.5929322687533953,-0.6429625180687686,0.4892284500484816,0.9438878168648994,-0.22747860064157072,0.708970167256185
1.0,1.0,1.0,1.0,-0.8003748618083073,-0.029136612681656793,4.094369228689095
0.5721359447822444,1.0,1.0,0.4322865365426881,-1.0,-1.0,1.2405310806756427
-0.7118150854516362,-0.7665656447036837,-0.5981793564059315,-0.07360860124233581,-1.0,-1.0,0.6876097253643598
-0.5134391651830646,-0.40328799171562607,-0.44788826604652765,1.0,-0.6106636347909287,-0.9489066399740043,0.8948784553815108
-0.3433207646033791,-0.27955987985250386,-1.0,-0.8953379933995109,-0.1822859734311192,0.44442007252649757,0.15110135492899232
-0.02299519506055603,-0.6349157764653646,0.32526240881951474,-0.353107900269069,-1.0,-0.3263561458350419,1.5807356497617113
-0.34651643781495345,0.17903918343714614,-0.3427710696548894,-0.217392723675452,-0.3570760460880138,-1.0,0.787859376887829
0.715584216860677,1.0,0.4727093311625814,0.13128776425412092,0.011447014338271666,0.9441544957430539,0.5213175528393752
-1.0,-0.36989982790708775,-1.0,-0.05237825529622875,-1.0,-0.5663125305429992,-3.2325556644879336
0.4580505125202078,-0.07068072357620281,0.6416213887137034,-0.9312986047154985,-0.7520720733704243,-0.48789187375120835,3.388002595963662
1.0,0.4562405667755949,1.0,1.0,0.3059961595430588,0.9516374416873192,-4.584271541936196
0.9249480151798344,1.0,1.0,0.13358113663697682,0.5235306453917321,-0.06380875392881358,-3.1591063978027
0.10297866343770898,-0.393750723964219,0.4131139369953499,-0.7249045336870941,1.0,0.37206571453518533,-0.20594465291110295
-0.16761594083387887,0.602460046424341,-0.08117511335617145,0.6314371463596208,-0.1416154655544521,-0.08005551325381599,0.4758792073276716
-0.963374518010979,-0.34304026777845453,-0.11179152796374092,-0.9164108943981164,1.0,0.8820403198907014,5.266467587187138
-0.386480247641495,0.07505296431269515,0.9729735628898355,0.8480938350859986,-1.0,0.24714137870831798,-2.122062328525564
1.0,-0.5276710753025389,0.5235302811839586,0.04732905294079559,-0.5008390252049391,0.7137885744774699,1.2950766341134277
0.5006527111984805,-0.03664584175735591,-0.7134811350519252,0.13213328021053114,-0.8115284532219038,0.1391054905419256,1.3276441142705233
-0.22106317270001963,0.29665498855387684,-0.3553403321829861,-0.20579821972828433,-0.6813926508169903,1.0,4.958814586974358
1.0,0.47738129942628804,0.5214607820827668,1.0,-1.0,-0.401762538586522,5.2537464815933586
-0.5414066207857446,0.619930752192903,0.24129156164001758,-0.9121181547511873,-0.023806051448261353,0.652724314193588,0.42403029273750503
0.06820501388402034,0.8577133111710737,-0.7472299166922595,-0.7090784309374035,-1.0,-0.5570767606059928,0.35781100809402344
-0.2727230268434563,-0.1492142203601705,-0.9779606628134057,-1.0,0.31462797752153826,0.34213230226812275,-0.9638905499093597
0.9638714284345322,0.7670244625918217,1.0,0.005020158724497126,0.43048963235919224,1.0,-3.927607321012114
-0.07051145954621396,0.33832575535166654,-0.5464082303682586,1.0,0.6339753452122704,-0.2607031096855741,-0.13901902622022994
1.0,-0.16938053074630116,1.0,1.0,-0.21753354308048156,-0.9331268362270405,4.295232665051743
-0.9285680341791436,-0.6318447706137778,-1.0,-1.0,0.30527023049932445,-0.5714945793731661,-1.1045868270978674
0.7823344990911102,1.0,-0.4826272249945468,0.8261411391790133,0.3729578356454275,-0.22510196301974172,0.4834361430753203
-1.0,-1.0,-0.33670998983475187,-0.9720139074631116,-0.45991903255605515,-1.0,2.8991779528271633
-0.8936294237171898,-1.0,0.5003210492143141,1.0,0.6852043617185275,0.5393018604525919,-0.38642804633703826
0.08670638038497192,1.0,0.15999211211680842,1.0,1.0,-1.0,-0.13621999135297816
-1.0,-1.0,-0.5861290776529484,-1.0,0.4729540992840734,-0.07064047211005486,-3.140332180063276
-0.11777489948779474,-1.0,-0.3262338594280501,1.0,0.3758427031679717,-1.0,-0.5174227138684356
-1.0,-0.10646975767226796,-0.5628626741278172,-0.04817152971063743,0.32111200144230156,0.387741242099539,0.9603838442378981
-0.017780324000140624,-0.13821656958734385,1.0,-0.21624841937327544,1.0,0.11340027177496126,-0.9339243026331161
1.0,1.0,1.0,1.0,-1.0,-1.0,8.376789882344145
0.8032502407513955,1.0,1.0,1.0,0.1318726325585866,0.3116548344437363,-3.896015303903411
0.32785052179975227,0.2064619820988005,0.24710976216834368,-1.0,1.0,0.3380548495786784,2.4416496601505355
0.43218506166524606,-0.8558715718350964,0.08756909074532171,0.2283464471295822,-0.7132184704025842,0.6150449750490814,2.5557884917113496
-0.31041446740595613,-0.14245288235343734,0.9792960724374575,-0.36780043572334414,-1.0,-0.5982727429177279,-0.391805477207448
-0.11438738447754349,0.9839008985579781,-1.0,-0.02736897922353876,-0.6841008969336702,-0.14173687424470072,1.5451503990240352
-0.3488985329505371,0.90902596462817,0.43653629486009365,-0.2069083729541905,0.15245700785274258,-0.914983122384103,1.092072879815766
-0.11115422196274438,-1.0,-1.0,-0.3836942043193263,1.0,0.3684740517115539,-3.3857967919107375
-0.67129062221503,0.975513298958665,0.9583905530409289,0.02224067454954093,1.0,0.3414126624200504,-2.13811176831847
-1.0,-0.8828468290735699,-1.0,-1.0,0.04648572865312181,-0.8161070563449407,0.6664133906841321
-0.5864432564602197,0.08653315424629549,-0.21643149061359246,-0.5137014874708359,-0.3072202758195217,-0.7343598804164146,1.1458923242292232
-0.8348582050936435,-0.7929300280957806,-0.43381004285555835,-0.826649023352859,0.26505318292789054,0.0019444973286550926,-0.8320957165942691
0.5314201149568373,-0.772117367908657,0.03138437690953389,0.4024858615543514,1.0,-0.1175577841757347,-1.2350243275436603
1.0,-0.4466073109442806,-0.09971689251139917,0.25887974847921513,-0.8477079603747214,0.7555891007670446,3.6229144263519717
1.0,1.0,1.0,0.591090667862852,-0.5408137114259329,1.0,-0.08531080569321992
0.9120977661083002,0.1380076872392893,-0.5005885936039434,-0.8331124651650217,-1.0,0.4525591221988401,4.268885603828845
-0.5421511962437348,0.8378165539333804,0.32170727969928054,0.3998900706376016,1.0,1.0,5.546892537818447
0.32042323385328886,-0.27959849023983163,1.0,1.0,-0.8211089014427447,-0.8954029102312973,1.9150584661133807
-0.5299314420320878,0.8373539511578847,1.0,1.0,-0.46071228616353377,-0.03513352772063094,-2.301272061054488
1.0,-0.5617361652975579,0.5274287895935956,0.37424138580484567,-1.0,-0.10677352765393133,5.014523439435089
1.0,0.2896150050292924,0.2570956813913986,0.6451761512040897,1.0,1.0,-0.3806528843405079
-0.016258987540795314,1.0,0.22985827210795967,0.9310303916827132,1.0,1.0,3.788013992991775
0.44680098241931465,1.0,0.689406381243592,1.0,0.44109125214157685,1.0,-1.4587799089686637
-0.49240767719640877,-0.7385345883073213,-0.5989966618169145,-0.9269745262323588,-0.8217210952378703,-0.36189839497089965,0.6164085402468911
0.202795385343165,-0.2622077374373939,0.05637150552693332,0.9010407208335603,-0.3929603452344119,0.2501442081382903,0.35444320766337606
-1.0,-0.561712972712882,-0.7056874968143039,-1.0,-0.5882445288312206,-1.0,3.7872831314487594
1.0,-0.1053334581684342,1.0,0.011266330673082248,1.0,1.0,-7.045501779885082
1.0,0.7388142395906659,0.32278861557137395,0.42248331167971065,1.0,0.5303863133305814,-1.884629379474971
0.7576312090476482,-0.3743021008520581,1.0,1.0,0.7984881672536648,-0.29736931952840373,-2.750469195015308
-0.5880121203516613,-1.0,-1.0,-0.844879055099686,0.9419286059614693,0.4387362639779749,-4.936247558179905
-0.08470244517138104,-0.01686444818486943,0.6336785897436024,1.0,-1.0,-0.018577896124557514,-0.3482522602312221
1.0,0.7571103368686212,-1.0,-0.18746513955354638,0.248148553766097,-1.0,0.4818013392600935
-1.0,-0.46440991265971343,-1.0,-0.13270646821249277,-1.0,-1.0,1.2268959585999366
0.5219253326208824,0.13858817609077811,0.3311633378346839,0.8958466306698676,0.7363828907931961,1.0,2.0185587745366482
1.0,1.0,1.0,0.8961801694249136,0.17852580013818153,0.6194649948396674,-4.866225696056584
0.35869234640428127,-0.9964121089631917,-0.32785918766779276,-0.1453650858022817,-0.17499493525660287,1.0,1.2254797207677492
0.041654999830584696,1.0,-0.7527643007483567,-0.34569498166395546,0.5508023886769888,0.4881204877905516,4.850668652279407
-1.0,-0.451088345010733,-0.22924914742684055,-1.0,-0.8832983258071939,-0.047873511918904654,0.014910088925832083
-1.0,-0.5552516398068734,-1.0,-0.4528053688851056,-0.17219772206473172,-0.8353527152652065,2.636283986314818
0.5205945548328452,0.7053920632897962,0.2991690037678107,0.8727775992251925,-1.0,-1.0,6.4932002420768695
-1.0,-0.9663927267331902,-1.0,-0.010900779044073605,0.40368942732405466,0.3500969829082017,-3.3757451426101275
1.0,0.6269640986118303,1.0,1.0,-1.0,-0.9034657454118753,7.979566486750039
-1.0,-0.6066052228372448,-0.22348761741781242,0.9977139316960933,1.0,-1.0,4.163253528310458
-0.7900508917898676,-0.35904021751116516,-0.22690362138838793,0.16754974745826579,0.5723419760307848,0.013857086418668452,0.7730544591544809
0.5814943800123589,-0.872001356843328,-1.0,-0.008529494408969218,1.0,0.06095649924400324,-3.395992197338559
-1.0,-0.3295040027169363,0.708885615424379,-0.21959627097397538,-1.0,-0.47221360121617817,-1.9987458845208494
-0.7452025848953713,-0.20256768997351593,-1.0,-0.9513838008855342,-1.0,-0.7843123234460028,-0.5724945947874333
-1.0,-0.6450845392670377,0.7810855498016763,-1.0,0.4175282494293108,-1.0,5.220024604922365
0.40181304656566774,0.07096186905921698,0.017223454748168,1.0,0.7564475821213998,-1.0,1.1969538207283765
1.0,0.9790153289100384,1.0,0.3955553055037956,1.0,-0.5745666067619974,-3.4094874143108904
0.6704200003030758,-0.27208930996231206,0.10799244848850087,0.01697540265621411,0.5513703275797723,0.923797286013266,0.6580950981486232
-0.16203798806478062,-0.30606469931813063,0.7930674219750341,-0.11124555907953981,0.6998392834289215,0.6707828363795224,-0.03696457844975154
-1.0,-1.0,0.4715691004217826,-0.2261454935869871,-0.15024178471479055,-0.5136457973876523,3.055553601486115
-0.7376786563959535,1.0,0.16087071724151558,1.0,-1.0,0.3234142297186302,-1.7509873437349717
0.7575495452770907,-0.6879651714096808,-0.44264991057377023,-0.8367293006032359,-0.31404184362654664,-1.0,5.7873835706947965
0.700911259457456,-0.5792592056906756,0.21372905026747652,-0.15978750129042052,-0.7373681811293578,-1.0,6.835277053480726
-0.11608470925619907,-0.767181397201656,-1.0,0.78857949447391,-0.6804817873917635,-0.014710752137558458,-2.1546461507253682
-0.43952569812935127,-1.0,1.0,-0.7636535048237285,-0.46988109230416364,-0.5022794532463764,4.683904061247059
0.6896769880869396,0.4157590441165772,-0.026027722918263774,0.00363302369807883,0.10973127908550273,1.0,2.8290988167130897
0.036170884272836434,0.03158229231667953,0.6566669641981424,0.1509439698068773,-1.0,-0.6653281798472657,1.3839418600720446
-0.9820640236536022,-0.1638113806136,-1.0,-0.40756352925111905,0.13280275140617925,1.0,7.385736937704388
-0.17414113242009743,-1.0,-0.9570073953713423,-0.7454821390592938,-0.03228411494626415,-1.0,3.511337935020868
-0.0896164070898724,-0.90922721539562,-0.24791684252299884,-0.193090168453234,-0.832441915027962,-0.9778916510816497,3.11895947225726
0.7126815302828773,1.0,1.0,0.3109201496735694,0.2834129862341983,-0.6841118973081112,-2.069548765925654
0.34370357369732074,-0.060127160777885505,1.0,0.20826254911045328,0.8990262107291497,1.0,-1.910462824921884
0.14204433961078378,-0.5162700428116191,-0.9567010909327028,-0.1386598823294738,-0.2947935508062196,-0.12783343484958265,-0.2806004764069602
0.6445559638950478,0.12371107780932711,-0.005029516022920316,-1.0,0.24513199466447938,0.4997221238763069,-0.24004534911843878
-1.0,-0.8807262821841345,-1.0,-1.0,-1.0,-0.09090894506184233,-3.327718777304926
-0.9271923081385702,-0.8965890441075159,-1.0,-0.22159075062258804,0.03921173966724889,-0.47012960467829945,-0.9692117751831516
-1.0,-0.7708478357735009,-0.12419959472862785,-0.23014726368853777,-0.45387699886571475,0.4380174721508043,-1.7613858747642643
0.7073053579908882,1.0,0.6342629783980859,0.08479066604575658,-0.4488433850664044,0.9853190229280955,1.7571194948729678
0.11460013756932264,-0.8958126393605357,-1.0,-0.874809637529602,1.0,0.2164217640200629,-4.658920387096225
1.0,0.3084188737301461,1.0,1.0,0.008086568013967343,1.0,-3.388617164475147
-0.518038028884886,-0.024927813850264435,-0.6721112442193922,-1.0,-1.0,0.562203645096822,2.236083598823811
0.5809224446818081,-0.7881586431257616,0.7255318743418823,-0.1684609412674199,0.48653911162532165,-1.0,4.002721260294539
-0.8109578608098791,0.25330803316658074,-1.0,-1.0,-1.0,-0.9766876338428605,0.37476141677779723
-0.5824806811975349,0.7403977789569012,0.3208756658180505,-0.5558247901548234,-0.014331610744167333,1.0,2.8263799328683987
-0.9553882503526162,-0.22267532878127394,0.9505231695995824,1.0,0.8409568783119558,1.0,-0.4747100306673716
-0.014747895266774946,0.4228417036826865,0.5317877238763502,0.9920937356659527,0.346183949840029,0.0960072312220207,0.1924201624463152
-1.0,-0.482105430231356,-0.7988666079734918,-1.0,-0.111065652610351,-0.9867916303533742,4.042158168037775
-0.9193291202888486,-0.19291396312466538,0.132179540623312,-0.3268946154910362,0.44764602963371725,0.4358089103937288,0.777985646851778
-0.6300787412243658,-1.0,-0.6703941676282674,0.33946458452190437,1.0,0.5245170220324304,-0.7577778226029458
-0.9998116590167125,-0.1510929218763708,-0.035710522408275436,-1.0,1.0,-0.0038111867973871782,5.260141613848059
-0.8869333789496087,0.37286073981710083,-0.1761349815380002,-1.0,0.5081769908705993,-0.4771359550881415,1.730013380762013
0.8243061084020766,1.0,0.9122587508047115,0.3808563490965622,0.1873344459785613,-0.6029729030220674,-0.5583768127905229
-0.5476855850049129,-0.00204829393312822,-0.3673029951026416,-1.0,1.0,0.22423595166282856,3.465742170034361
-1.0,-1.0,-1.0,-0.4877631979871061,-0.5781957647028335,-0.7490488756007487,-0.3863994218658434
0.9206693907941466,0.508109925862039,1.0,0.4610074170895979,0.3551860675468045,1.0,-3.6955242061634124
0.850157794571057,-0.4115473999814546,-0.6440214483088884,-1.0,-0.49816720802675146,-1.0,5.74625889066147
0.4596232185983588,1.0,-1.0,0.9743263595492015,-0.7361274846575954,0.4486937588392759,4.764913580998512
-0.27310099669596116,-1.0,-0.11034431309517567,-0.19865940007862726,-0.0729353600241125,-1.0,3.401427723710026
0.21629290074569707,0.7186442360236648,-1.0,0.23754315347666533,-1.0,-0.26447378489844575,0.20409170648120867
1.0,-0.47712711371182626,-0.23865427251168225,-0.33549912833317275,1.0,1.0,-1.7683547646463225
-0.3098990582257972,1.0,0.4630219562719715,0.5019109495279845,-1.0,-0.06396553546801065,-1.4483116011495645
1.0,0.9723773695766054,1.0,0.9005072033269903,-0.3556665535264499,-0.4581839095754763,1.9113081069787865
1.0,0.5260634411068612,0.8116985138952257,-0.057915166995577264,-0.8618082909176088,-1.0,5.822938907974968
0.12021181645925993,0.2293577111409537,-0.47918271145768715,-0.10400128684482113,-0.3112788059482235,1.0,4.237922739062949
1.0,1.0,1.0,0.710331922079323,-0.8940373258832822,-1.0,6.918830010423595
-0.3751319206164506,-0.29615128592774,0.1667229617766146,-1.0,-0.8583603972504077,-1.0,3.3813612689030856
0.0533617768256765,-0.8779506770080401,1.0,-0.5880645838618273,0.8603302274153124,-0.6243950235722092,3.10483885742663
0.2917209625340398,0.566774093800787,0.6584754612506307,-0.05122120742603109,0.3513978075303708,-1.0,1.4054145077657838
0.2756614885438131,0.5415789016885357,1.0,0.6442694307737518,1.0,-0.4084778271426437,-2.3112864522911956
-1.0,-1.0,-0.7040682377120794,0.05788503011964008,-1.0,0.8062700034250828,-2.4274503646069383
-0.9816218919495155,-0.22578743590834272,-0.3357349307789044,-0.33475869463938657,-1.0,0.1431719015824805,-2.1538675826393443
0.679173482363207,0.4738809379478601,1.0,1.0,1.0,1.0,-4.8259261912688824
0.9095369429046143,-0.5653921292660867,0.47114173288769345,-1.0,-1.0,-0.23996920757798484,7.500966158917343
-0.976047230463705,-1.0,-1.0,-0.10299849202282152,0.8121825797707902,0.0677034377322211,-4.907847533624985
-0.11092044014919855,-1.0,-0.6120752235509684,-0.1789784689353604,0.4838449380814954,0.12877044802975715,-1.1109245381654
-0.3826289454933627,-1.0,-1.0,-0.5176331934297622,1.0,1.0,2.1464479564824153
-1.0,-0.27669803813797844,1.0,-0.3168953158663689,-0.10784171544480614,-1.0,3.574691736269617
-0.9352408044378618,0.9434370331449803,0.993507538364347,1.0,-0.10860398394920501,-1.0,-0.5365420419291586
0.43812895976327315,0.3409891240149825,0.6255444690333101,-0.12839214955191064,-0.09892872984767004,-0.32820990577082043,0.17812875337503176
1.0,0.04761720419070148,1.0,1.0,0.37108491093109297,-0.5138086869863309,-0.959634417537396
-0.8458497510820352,-0.0335321053860862,0.18066828085519027,0.21942741218947354,-0.59675417892409,-0.7936911506910406,0.7516728426939522
1.0,1.0,-0.40662171965973404,0.1294410253539311,0.6004383411123102,1.0,1.820592681367561
-0.012794462430864822,0.7789969687589374,-0.5996254340097218,0.4543643648515104,-1.0,-1.0,1.331078378636604
-1.0,-0.8508516409774671,-1.0,-1.0,-0.6237228678629325,-0.37253912733967454,-2.609170199901201
-0.4219654397962682,-0.20916537581705896,0.9367574984695755,0.33524015736738155,-0.6697591833210826,-1.0,1.1690423774169423
-1.0,-1.0,-0.6125377697427221,-1.0,1.0,-0.1314627211127064,-1.6383646586129568
-0.4816551529030366,-0.43588036549473586,-0.2289990643183375,-0.9784303086574286,-0.42836780120874074,-0.9140555684372467,2.4457121356699814
-0.9090110880365829,0.5685867529088058,-1.0,0.26492795187880047,0.02993813835898873,0.20557670622130808,0.9258396222035566
0.1469403518723773,1.0,0.6116470644250764,0.6952223105719604,0.030435059381296592,0.5988857252814622,-1.6308676943989937
0.6147552297484218,0.11515557652728742,-0.1590625149619484,-0.7552694951657365,0.6618745147549041,0.6758167806752424,0.7708869702423948
0.23654588210899208,-1.0,-0.6130793789177269,-0.49312919546119666,-0.35070258562494305,0.09068645149917642,-1.1459263789338665
-1.0,-1.0,-0.09120602222921104,-0.37941829594653953,-0.3850478197277888,-0.0005402797262228087,-1.0158325656974772
0.3017885903591593,0.49787677828273585,0.4166318908165463,0.322663689095146,-1.0,-0.04849827049586031,1.1639577589720491
-0.24412436227295498,-0.19092603973727806,0.24372854073675354,-0.9950648033357026,0.8094075597569566,0.9351358412209276,2.5399628381841652
-1.0,0.17013302620878412,-1.0,-0.7457162615704358,-1.0,-0.08453165487460956,-3.284426367936885
-0.3991667990740366,-1.0,-0.1030573936780117,-0.9011255046388611,-1.0,-0.9247723455910641,5.912945030981256
-0.1113611004031532,0.44191738329121444,-0.7841477164346078,0.4896145246038318,-0.7222049017757022,-1.0,2.6448409992905995
-0.32343516297706976,-1.0,-1.0,-0.4584649809355992,-0.5125058954699582,-1.0,2.582497800921568
-0.9603063424573192,-0.47200635493760607,1.0,-0.5893732917331214,0.43572713270568525,0.8211380496566925,-3.7547149024302025
-0.10532264930742152,-0.07416029468124175,-1.0,-0.845626123148858,-1.0,-0.8355245824575763,-0.04535059203243158
-1.0,-0.8149679741828222,-1.0,-0.20538015607387772,1.0,-0.3888127328981633,-1.4329930994858409
0.7807559614691696,0.21653375123334517,1.0,1.0,0.35843462012846194,-1.0,0.30487714993151377
-0.5443652024954933,-0.4037961385562231,0.5042472186405654,-0.367568748503545,-1.0,-1.0,0.566217403501023
-0.5255829379321431,-0.21825394822874455,-0.6753343544429908,-0.22284692276095935,1.0,0.7881734688106921,4.256573567718992
0.1119690360737593,-0.3035130232647477,1.0,0.024860225146369874,-1.0,-1.0,1.0990641303085638
0.18760264433468832,0.831514537905041,1.0,-0.5785122012363342,-0.13025193197096152,-1.0,-1.1192905965248734
-0.06082251239944125,-0.5272932347654993,-0.5715672465486841,-0.6438100624599863,1.0,-0.09196255285894905,-0.5702274938914276
-0.9067579616239289,-0.32166525156928855,0.11277918056677129,-0.5894102193646891,0.3624742407032292,0.2482967880146902,0.04119307392778504
-0.2759544425826469,1.0,0.5735432428307573,1.0,-1.0,0.4301825015655258,-1.0056513069872488
0.7268688068468454,0.399955103211733,1.0,0.6053480256113487,-0.7129639647201635,-1.0,4.668124575978684
-0.07110738699190022,-0.4192689176011304,-1.0,-1.0,-0.9613269049767095,-0.42884700055256053,1.0051189662943785
-1.0,-0.2692294378337299,-0.5176616696372349,0.8841127417981861,-0.13238601133730743,-0.5889656459675605,-0.15200696500879468
0.6605105111819075,0.008738319211455459,1.0,-0.5442164926617802,-0.6853153913782805,0.19463501456426302,0.23978130641315953
-0.29630175095074596,-0.14765713305993283,-0.9110739589558997,-0.14271830289623788,-0.08101350966479204,-0.16668288323666272,-0.4346979085629653
0.5940868109755258,-0.7582319176772017,1.0,0.41254780253704354,0.006586235100781407,-1.0,3.508666139558428
-0.12252646016063096,0.2685109227211024,0.5398087217315063,0.6763158394862274,-1.0,-0.5729923654710819,0.7371324565635218
-0.5932723225130692,-1.0,-1.0,-1.0,-1.0,0.02271310820213035,-0.2214055938825309
0.6312910246920802,-0.07050992210440749,-0.15291370146458405,-1.0,0.255376305583765,-0.39216383609956273,0.6295602357172201
-0.0141117624052991,-1.0,-0.26381758280043854,-0.23139160884392873,-1.0,-0.9061877710508921,4.156179774433399
0.050951777485669925,-0.035922581755611416,0.7692446194270319,0.9286398250637808,0.9489736696308061,-0.1870656994806964,4.893000217759402e-05
0.7969245343031423,-0.6429529769440399,-0.3516587039850727,0.42720790371373163,-0.6946287380644628,0.6977265093151817,2.5992660384167214
-0.7648986655547372,-0.06417761787050702,0.20711507801049603,0.5161552612421423,1.0,1.0,4.863291189139902
-1.0,-1.0,-0.1795810640159291,-0.038879803915572886,-0.13543829295925747,0.8024500885684976,-1.7189589153931968
1.0,0.5085257570226974,1.0,-0.1839050474586844,-1.0,1.0,3.6603887131563306
1.0,1.0,0.17555464931194287,1.0,1.0,0.7729144842651471,-2.8228550726501087
-1.0,0.043222236744289266,1.0,0.9274741702294752,-0.49005369139630006,-1.0,0.9567688298555994
0.1155482996332694,-1.0,-1.0,-1.0,-0.08150728181868827,-0.23998600354176514,-2.666841733354238
1.0,0.2041563155137852,1.0,1.0,0.15965602334115125,-0.1302685644107097,-1.0685951814979033
-1.0,-0.8460799297723373,-0.36145173952216925,-1.0,-1.0,-0.38417803329584976,2.4916606867334115
1.0,-0.10950472183178822,-0.2065320984436111,1.0,-0.45047065194094726,1.0,4.924981270693695
0.2171432664330173,0.25659391106611806,0.9801942496112221,0.46082480582963736,-0.8937679866506025,-0.5627361144995562,-0.5441581961954098
0.27173883427162415,-0.7730569485850904,-0.029497263026952825,0.2383080556746332,-0.5634763952327291,0.2667251502533814,0.5562408154632448
1.0,0.027211924143712984,-0.5461006003059574,0.042380096181256766,0.058705921589750076,0.12808786806723305,-0.41482651287112554
0.4795973792927357,0.5800843507153983,0.9708385097336201,0.7513555219249386,-0.03728843438938033,0.7354502054483649,-2.459014590821578
-0.0640941690893847,-0.7307310075308306,-0.45875256881892046,-0.160228279539939,1.0,-0.688867479519001,1.1121862386579542
-0.2472784746673422,0.7526141711730756,0.5367653518769324,0.626651828780328,-1.0,-0.02835352714360906,-0.3167674430916805
-1.0,-1.0,-1.0,-1.0,-0.15290756457110916,1.0,-2.3499586748313117
-0.5332636889316376,0.8467896288127827,-1.0,-0.22479340655138502,0.044523205414862876,-0.5855003452348928,2.4747800415595456
0.7946884673295539,0.0012338580993721537,-0.18537855265534028,1.0,1.0,0.06757457487099938,-2.1349405177159984
0.7450293328294225,-0.16517418733131994,-0.034465993078794,1.0,-1.0,-0.5702368937302231,3.492925034715858
-0.3769720402892574,-0.47932437269763895,0.11568413764932406,-0.17381391882138053,-0.43508700627381125,0.652517313286628,-0.048254132430161606
-0.9463703014206222,-0.6480865796667042,-0.9411311886372304,-0.6194573024040094,-1.0,-1.0,2.533302155805591
-1.0,-0.7872252217100776,0.8914072600884406,0.9810280105934084,-0.49119169325832474,-0.25349677759400313,-1.28837985018719
0.7263004499507135,-0.2369878728379652,0.425235187793154,-0.5091032022986799,-0.539363578392331,0.29931839789332804,0.5988597635365607
-0.7659116821463898,-1.0,-1.0,0.302965981450152,0.19267742137813726,0.9600934305820097,3.4514845384946407
0.25067026884103427,0.3057782847514338,-1.0,0.5888998261366613,0.8390975696764169,1.0,5.736436671621973
-0.6985315274646942,0.43026956810806904,1.0,0.738762899343185,-0.1917372585950276,-0.8525034111580714,0.7552386326406033
0.07200529871483008,-1.0,-0.7060007502401271,-0.14713064812202314,-0.353913199560094,0.21964986596433406,-2.3688323024379887
0.0003890053068888455,1.0,0.3829379720781053,0.3427060998163931,-0.057241538047132404,-0.09450383815617314,0.4753759306939511
1.0,0.36899088068966956,0.8842438554200758,1.0,0.34449377847687845,1.0,-3.928026897807441
1.0,0.17098916410172368,1.0,-0.046762531677807306,-1.0,-1.0,7.750086746559059
-0.35887251899913375,-0.790254990126934,-0.05240093273228896,0.7295232076489355,-0.049135870391183945,0.3424293354336272,0.17717435622524075
0.3974996086157227,-0.603914927956695,-0.7925327432795476,0.13935276406927946,0.9098296649880282,0.34335397765963516,-1.241140867574518
-1.0,-1.0,-0.10685031419503921,0.17226402918732087,-0.41425811538353097,-0.7660080896069442,0.9174578139313587
-0.06925270834690002,0.3980203169248714,-1.0,0.6167099052237375,0.13514954043890592,0.7304703815286284,2.3295191080572266
-0.8479047460941952,-0.7708889275194876,0.5134897683283702,-0.8401987782851732,-0.6156996373276835,1.0,-1.9439896811204642
-0.7262192355670739,0.9155311193318196,0.6423086045585051,-0.5211127366978492,-0.9992864067600278,-0.1639971947477844,-1.9846119389623798
-0.5422610636815285,0.8412219367642677,-1.0,-0.8895818867547342,1.0,1.0,14.388066040184155
-0.7703627680875249,-1.0,-0.5913435805876012,-1.0,1.0,-0.8827912893763774,3.8135145030063713
-0.03846462310953763,0.07804427537694464,-0.7502319189449991,-0.8123702308860811,1.0,0.7180586833527804,2.946088356172932
-1.0,-1.0,-0.845513390566005,-1.0,-0.04394073462582104,0.205401044010731,-6.411072110087994
-0.02686320335527448,-1.0,-0.2686694907861715,-1.0,-0.23630400355663017,-1.0,5.1917676598602
0.8463956976024006,0.5707217453612443,-0.5510683714403394,0.05985253238001617,-0.9579127016580602,-1.0,4.205681878545453
-0.22627514663844406,-0.27091914451513555,-0.9428549325265899,-0.8227949871689673,-1.0,-0.6630862162106439,0.036306429142101554
0.07271627966788768,-0.04896557044712446,0.151754109116936,-0.054682036593461825,-1.0,-0.6020568395490544,0.9239825189621503
-1.0,-0.9241081550507582,-0.008978833240627426,-0.7784502207095993,1.0,-0.7920401502122714,7.4267593194500545
1.0,1.0,1.0,0.43072232708258307,-0.9676255916174316,0.14685771255110625,1.611608341096507
0.9276479105900535,1.0,0.5427605228399914,1.0,-0.48136097322712024,-1.0,7.462449554929811
1.0,0.13822038470993436,0.948768409663142,0.4972851962419378,-0.6487659488640651,-0.7586818785933309,5.288512556008937
0.6745346706454576,0.6720951936654858,0.049073939877433304,-0.09023149707749967,-0.688819326600802,0.19681267068136077,1.0527129697047106
-0.48621029596361576,0.2797675449131548,-1.0,-0.9811828854350381,-0.14706157471431458,-1.0,1.6719247271131046
1.0,0.1171556522154582,1.0,1.0,0.5420032610417334,-0.2603574850844026,-2.213779492954775
-1.0,-0.18671369802575466,-1.0,-0.9215578816691514,1.0,-0.342096887522066,-1.610757979323918
0.5633270027266499,0.00966380836026659,0.3490508727781463,0.758929330406399,0.525122944418937,0.12478486646822584,-0.6514475938802144
1.0,0.3669213583180446,-1.0,0.22536260342354375,0.404110249810255,1.0,2.8335289740976872
-0.6138072132638671,-1.0,0.2583921479153879,-0.47746386461202817,-1.0,0.021291634760214617,1.14257756286922
1.0,0.24443309136987057,0.0657649368473775,-0.2870309069159081,1.0,0.2930336821566979,-3.9179400160612907
1.0,0.6924122442589984,1.0,1.0,-1.0,-1.0,9.327585408953802
-1.0,-1.0,-0.1850181548306441,0.9307988866416645,-0.2237963100544108,0.08358131420074891,-1.6538997358479093
0.17633316294003054,1.0,1.0,1.0,0.678103864993049,1.0,-7.248979605477354
-0.5310500334560164,0.494113644438489,1.0,-0.31546889054614646,-0.9668457893432469,-1.0,-3.0399582308572066
-0.5704643044718543,0.9940294914508065,-0.8954950423460423,-0.474413449932783,-0.1843611720943811,-0.13284231945656866,1.49441064292488
-0.5167302915612951,0.13018254582044045,-1.0,0.6522773714625613,-0.9899776992957332,-1.0,1.7684444248436153
1.0,0.4168279471223306,0.6797222872922053,0.055593808417981005,-0.3047013069037365,-0.3697173399294498,2.1136933940022526
0.8367884427610024,1.0,0.571671680042177,1.0,0.1709329198985488,1.0,-1.6959556900914712
0.5068466866141059,-0.8405140486772169,-0.35567293910914277,-0.21011885112909845,-0.1130043830407117,1.0,2.3816553968287635
-0.07277326173875048,0.5463452841109185,1.0,0.12347038803791255,-0.16755318132824915,-0.13967249879897237,-0.12707242611152864
0.8929074597657066,-0.2215494327853339,1.0,-0.5536905684071918,0.05977607241530958,-1.0,3.5851705375663503
-0.648101748025445,-0.2402138408318243,-0.22336815371132726,-0.8866394499120537,-1.0,-1.0,1.2602803906728524
0.5807994202439393,0.08305762123833049,-1.0,-0.5037388642253198,-1.0,-0.015036007094823603,1.5422492724806927
-0.49844867388473224,-0.012276232157077294,0.6075403798424612,-1.0,1.0,1.0,3.929307189444961
-0.42928121651327045,-0.29228540312477036,-1.0,0.038403065049821494,0.12677694442412046,-1.0,4.240255063111814
1.0,0.9827739698310629,1.0,1.0,-0.8503859163192917,-0.4063983331111663,4.650518978010876
1.0,1.0,-0.32982752317191943,0.006446677798289668,-0.6110815809318317,-1.0,5.970228330101776
-0.7209450072863648,0.022696129098748533,-0.8109537770226716,-1.0,0.5916979065079637,0.64411405183041,2.9548023590772385
1.0,1.0,0.4702142419791093,0.31430036704160313,-0.40661121102626674,0.07326051403077219,-0.45247247659616935
-1.0,-0.34037183916755587,-0.46429736522903153,-0.7365844976503266,-0.6906673907706715,-1.0,1.5555692806890007
0.653804461800099,0.7994742978948546,0.709463302993918,-0.25208496354014887,0.21663075817688782,-0.7033425660025039,-0.5781816920853686
-0.4390704259645618,-0.6740996249579128,1.0,0.18386830853531957,-1.0,0.36008098010971756,-2.477837121202538
-0.31884772273713136,-1.0,-0.2968483685197676,-0.8417874342710054,-0.10527078904052112,-0.11082728866895825,-0.9923703245598223
-0.666871492605362,-1.0,-0.31122521677980597,-0.13095183451877568,-0.5584419683231254,0.6724191672841021,-2.140264881794728
0.15593676349392604,-1.0,-0.3721051932346453,0.43815577116725407,-0.296830044519356,0.22882275870293967,0.08462446383086386
-0.6584467579003757,-0.4804404975413381,-1.0,0.4960005193806358,-1.0,-0.7009532498907296,-2.5187856713487817
0.9670183683474125,-0.8617560362467039,-0.5979620611450557,-0.32446760326813784,-0.5643318197913312,-0.9690840819683948,5.779682172667796
-0.28919032530260025,-0.456297038537887,-0.16037504273554565,-0.5385750783420344,-0.23336361824518115,-0.6495108532858305,0.8791465761469732
0.3657652928377879,0.3184604991964891,0.9271017951094203,1.0,-0.5433937550652488,0.9306162833633517,-0.5993146615369902
-1.0,-1.0,-1.0,-0.27818245847500855,-1.0,-0.5352698183259126,-3.2945333211146863
0.3529788310095,0.4939726308848471,0.5133067025594967,0.7812163874811692,0.3742180196563606,0.8526048094334866,-0.046887911861225456
0.8024836857387179,-0.8854225225752161,0.6301517014300192,0.262636601078615,-0.8275692897255882,-1.0,8.709748509221628
-0.06442704924784368,-0.5739339105396978,0.7370609980401822,-0.23157736930399797,-0.33218210263493786,0.6926855604677787,-1.0590024335495576
0.24465890716205088,0.936812059305288,0.7481764227660762,0.826470420154581,0.010550176945543673,1.0,-0.8218773083387905
0.9062823914005766,1.0,1.0,1.0,0.14050627102226954,-0.10405038754665508,-2.453116517254537
-1.0,-1.0,-0.15818768861357135,-1.0,0.2204370363034669,0.2811004672012818,-3.4247931728294185
0.697467848856856,0.5180927469995029,0.034995618692322594,0.08197400170475944,-0.7274408358930684,0.6660939019760317,3.501996549664235
1.0,-0.751760202084844,1.0,0.10612732872189978,-0.1428802965962824,-0.05976762893890619,3.8051428357209423
0.22518361283006694,-1.0,-1.0,-0.7830812027211167,-0.2510069719415726,-1.0,3.310475186744506
-0.36650960969961965,-0.4141175473275879,-0.8371711460768093,-0.5568389699939438,1.0,1.0,5.527484974462588
-0.6789366574748625,-0.5697897911000935,-0.23365893799780701,-1.0,-0.4650777075027739,-0.9905431536104574,3.3591922575342874
-1.0,-1.0,-0.4460992779519344,-0.3217786805866054,-0.6636266140846289,0.971008220126517,-1.845096085892044
0.9749128533714504,1.0,0.17177172163766719,0.14351647719397598,0.6974007779229983,-0.21754790728389187,-0.6873264987520704
-0.039960596345586796,0.59997857133652,-1.0,0.5814978116494913,-1.0,-1.0,3.0029777571905734
0.902595494946798,0.6590421338950442,0.23712104370574555,1.0,-1.0,-0.06993622138111788,3.723731533883255
-1.0,-0.6697271774656852,-0.8441181570413803,-0.1340467374997355,1.0,1.0,6.039651971752506
1.0,0.26359856094455325,-0.06961465468115247,1.0,1.0,-0.8554628251989798,-0.8591832501920638
-0.07760139809580613,1.0,-0.6212245799101699,0.16968524064328214,-1.0,-0.3922327949689976,0.5379076701897119
1.0,0.8508627100797173,0.819006520816731,0.7622830161144465,1.0,1.0,-5.457841153460365
-1.0,0.6705476836813251,-0.3668297862994365,-0.528697589884707,0.4865347317419839,0.8239400504705725,4.15583833832138
0.3534604130247887,-0.5442754983425765,0.08460790704994181,1.0,-0.25689556934234914,-0.5437049023730274,0.5064200658002449
-0.21350070508943553,-0.37519129100086,-0.8695201766754461,-1.0,1.0,0.47033457049504146,0.7946945891184478
-0.22689808955846158,0.8288251380900189,0.29321751822085435,0.7419791895833424,-0.5075410063932229,-0.5153883711694274,0.93484501326877
0.20032262351441732,-0.16551836052298965,0.9949223671915453,0.2087899101353098,-0.393850769963781,-0.9089086694514704,2.5660107373452195
-1.0,-1.0,-0.030689960317836773,-0.5994178169370095,-0.8247460587526949,-0.02204064192349034,-0.29123459878668895
0.32066378113886784,-0.36755860070780544,0.1844300740535997,1.0,-1.0,-0.19249885052699467,2.2422951610499497
-0.6247924871239889,0.07346175110998521,0.02423417298678246,0.7525248676162656,0.9670798358326639,-1.0,4.201666608439999
-0.9031787474065802,-0.017426252661304265,0.12491895133718335,0.662797149284343,0.6229315519681686,1.0,3.256699582086692
-0.6700582418959782,-0.13670605804764546,-0.500831965178549,-1.0,-1.0,0.7171271242098018,2.609927364882623
0.2132169177012433,0.4912034884023253,1.0,1.0,-1.0,-0.7436287926323824,1.603393123245391
0.9303156666081928,0.5861328480006952,-1.0,-1.0,-0.9998517632668249,1.0,12.38551297014699
-0.08555312418854909,-1.0,-0.8632385361182535,-0.9340452537744808,-0.229076438617072,0.4780114681408858,-2.1597069500698716
-0.5038750407332373,-1.0,-0.2476135096361543,-0.31019236554070506,-1.0,-0.4627203938903086,0.08987224153551521
-1.0,-0.6500071866247841,0.41454020283257864,-1.0,0.07288112843032912,-0.11220209053584457,-0.36610244151669435
-0.32953573815620774,1.0,-0.5229685402066508,0.5945918176622389,-1.0,-1.0,3.868817997996083
0.7836844786890458,1.0,1.0,1.0,-0.6594955923424046,1.0,-1.9012541481976477
1.0,0.19549979603769363,0.716731404542807,0.7951746931887885,0.40933076275055263,-1.0,2.32642781323547
-0.09238340142786591,-0.9938097280682348,-0.46528801015909754,-0.34961563997659306,-0.324617721765331,-0.030493654691660432,-0.8959200413745855
0.21518576718415933,-0.4432705547882683,-0.7707693929880409,-0.6758937344824618,-1.0,-1.0,4.066830723069228
-0.3408617399020842,0.3401622693383202,-0.7760378518214869,1.0,0.40371363586153264,-0.9352023063375352,1.6955388057893475
-0.48882140270929997,1.0,0.9316875322139307,1.0,0.6371299345262196,0.4720506021001987,-6.315554230403489
-0.18023545964745313,0.1370288497831728,-0.6614406743916116,-0.6842017465242081,-1.0,-1.0,0.45267152721242515
1.0,0.021143090190564706,0.9092945820221459,1.0,1.0,-0.8715074559307711,-2.8601260386014182
-1.0,-0.42067844124485654,1.0,0.549829714217115,-1.0,-0.37688259153926285,-2.4162234558461115
0.40356283253589204,1.0,-0.4128988373169787,0.429206742074273,-1.0,-1.0,3.3686767011672902
-1.0,-0.8852220150302732,-0.7730663547423114,0.46625671710214917,-0.8411327694435178,-1.0,-0.9835087989921956
0.3904458727469793,-0.01408688998255464,0.7844532015449809,-0.7622001350502887,-0.6758578863376039,-0.8157679450467645,3.459641957525451
-1.0,-0.13694761922707255,-0.7573517297040241,0.3878648006820381,-0.2879103618493851,0.3035767481173861,-0.6741350349975155
-0.7479593895712113,-1.0,0.07167184460026765,-1.0,0.18473815100974078,0.7721259481473549,-1.217650147750724
-0.04417103006070666,1.0,0.7930473657599435,0.43594988373535715,-0.7094484139920676,-0.24204181011501014,-0.8573384590827365
-0.5649612969264024,-0.5386286137599074,-1.0,0.5556696216410584,0.8045981299134051,0.8993837305844741,6.052857919607664
1.0,1.0,0.4956612061402401,-0.9734087029137787,1.0,1.0,2.953542381131186
-0.4973176876568711,0.8864052499814544,-1.0,-1.0,0.15908155256601053,-0.25077979494377867,-0.6096400155467825
-0.9459945960170861,0.9625936405673379,0.2859511026670569,-1.0,0.6166616236023494,-0.753377480741474,0.13651918788529155
-0.536012249703791,0.7125345171833845,0.8284662885501278,-0.041150479872236745,-0.34379225911981504,-0.44268676833331333,-1.1688010357481782
-0.8709220849380009,-1.0,-0.8491703117294946,-1.0,1.0,0.5722882933814444,-4.729193706150992
0.07232761445069036,-0.431672750995755,-0.013020882709992354,-1.0,0.7016301305263264,-0.69799932216326,2.319466041630523
0.4871841689270871,0.6828264200054038,-0.5120452154448882,0.984204436272164,-0.5583369823515855,-0.0016889795801514618,1.8596741932568226
-0.1843458078993241,0.22460965158476803,0.04921801238858707,0.07574977738351768,1.0,0.5395960895193251,2.5436496273051272
1.0,1.0,1.0,0.6452165730199266,-1.0,-0.6668387235785118,4.418059111409358
1.0,1.0,1.0,1.0,-0.18149270357732417,0.18533445537739635,-1.9777898054251033
-1.0,-0.5572319167769648,-1.0,-0.07039142662542064,-1.0,-1.0,1.163040870149294
-0.5945704194694428,-0.08804758861866113,-0.39740876126465163,-0.2642843623213533,-0.4818671984938632,-1.0,1.7731540735207765
0.6732717061917319,0.7222113615459089,1.0,1.0,0.5155441709575699,1.0,-4.732345436377365
0.45947065493933836,0.39502255036762124,0.5575696260168683,-1.0,-0.5986273019559516,-0.4407401452326759,1.7646286805387268
-1.0,-1.0,-1.0,-0.16366048791744925,-1.0,-0.41875893598363323,-4.528614090098455
-0.22383608713777114,-0.06754712169539256,-0.5132156358080552,-1.0,0.6523127977258295,-0.577502217726755,1.620128774289931
1.0,0.6401179802419772,0.5338693375117174,1.0,-0.599777850094457,0.2583951930845747,2.7197796941966934
-0.060972487187402113,-0.5311997293692925,-0.7028996012387804,-0.13392154565997627,-0.39023470982727665,0.6263088028844752,1.2331332639896757
-1.0,-0.6450533653837011,-0.12584050913857642,-0.11479696286524016,0.08327291596841335,1.0,0.653121313438602
1.0,0.20491357116056075,0.09450214910610388,1.0,-0.8344441753893286,1.0,5.895055752769503
0.5919274261128274,0.7849500474549125,0.06147029983255359,0.7994296696489216,-0.7616489496560002,-0.35798599732532727,2.9537227954955365
-1.0,-0.004515679765461966,0.1538025159834957,-1.0,0.500134589294415,0.9260222671450993,2.3172837223553313
0.9942946639964131,0.09444017002841543,1.0,0.7223176705781311,-0.774152330290759,0.1479739151173558,2.4565674403588305
-1.0,-0.4263289180488772,-0.7439879983577802,-1.0,-0.9402955312766488,0.34753371539928374,-0.8149690750569483
1.0,1.0,0.09952270321270801,1.0,-1.0,1.0,8.005612598385644
0.18356889420027284,-0.9565858595083265,1.0,0.6955957731481119,0.6516414957642012,-0.5915611437486865,1.0906973857915787
0.3487549128223707,-0.326478724894197,-0.25081395927424854,1.0,0.981339486476044,-1.0,-0.662769561661348
-1.0,-0.011748764060015404,-1.0,-0.1473599769004732,0.10905963537996549,-0.6554831106567867,2.3145602064179904
-0.3964455981217736,-1.0,-0.23356035171881134,-0.47314897778330506,-0.7320120620192696,-0.7186023039063131,1.868804957195963
0.6964838580472209,0.05393085039549783,1.0,0.11167278654373203,0.3184942956773872,-1.0,2.486543137162233
0.646239633152622,-0.8188644507645131,-1.0,-0.18158685939075858,0.7828192101048246,0.15791162203226783,-2.957928151386055
-1.0,-1.0,-0.7549936968187784,-0.5985365587287943,1.0,0.7230632772390897,-0.6311372330227536
-0.11415718285932144,-0.04582847665695848,0.8710581210422997,0.7032247941187117,-0.3079459283164945,-0.684400128113851,0.5889479578776311
-1.0,0.12859903200697032,0.2386825432536051,-1.0,-0.09602677553544181,0.7616615579485111,-0.8453114461924246
-0.8124966232540347,-1.0,-0.3350948690788757,-1.0,-0.9291059076828989,-1.0,5.22482632055705
-1.0,-0.5154393576752432,-0.8250065120935357,-0.6873932085815551,0.6086985501218235,0.24103207662105164,-0.6075748624885711
1.0,1.0,1.0,1.0,0.26207013975912835,-0.5308119355915157,-2.699719185321316
0.12079291415708782,1.0,0.19058930551331854,1.0,-0.513973670717865,-0.2233173649593868,0.36722815043681856
-0.9842968087641034,0.06270607336132164,-0.5899796189571543,-0.27850695145484383,0.36340726819743807,0.21538849108421027,1.9163054800519181
-0.8468990062601193,-0.2437093787610411,-1.0,-0.9742160904742145,1.0,1.0,8.143338159862985
0.4878319317695802,1.0,-0.6093411624740901,-0.1285237520717064,1.0,0.9735502856470435,7.137857583275975
0.21734876870629338,1.0,1.0,0.5542458408342903,-0.3124214607788663,0.09899302054775894,-1.8455407207590122
0.7966607165915195,0.13798395558982957,-0.17044028291565866,-0.9051383481931822,-0.4959111941775691,0.544817991171431,2.8228679934727037
-0.12886077484077307,-0.6207885184727193,-1.0,-1.0,-0.28393758509789935,-1.0,3.1774126101633415
-1.0,-0.9544864386359326,0.15351785320863176,-0.8399848771462947,0.12338077384109647,-0.26377146753506997,0.5845633555994849
0.5239407282943263,0.5516057134682681,0.622908541195133,0.6845860844634639,-0.21267575454141752,-0.6336334299677989,2.6520078334604706
-0.5871118311646675,0.767563334423841,-0.42969237277394157,0.6039927817040753,-0.7666192418303401,-1.0,1.4991418528674614
-0.831216925783544,-0.009558550485318174,-1.0,-1.0,-0.003964040365848076,-1.0,4.103938465950843
-1.0,-1.0,-1.0,-0.5521179694855023,1.0,0.8670266870355675,-0.9982345211360183
0.39068984609143087,0.04859101707963276,-0.36969156087981797,0.22259273892034576,-0.5238775525925481,-1.0,2.7952375703950385
-0.7991541478277516,-0.29408963370928964,0.6286954186983729,-1.0,1.0,0.46680486594733317,1.747282034016714
-0.34797595742554366,0.046725709042533925,0.8619825925632123,-0.47945749852829755,0.8714744035187052,1.0,1.2845232684344117
-1.0,-0.5996340587781763,0.9165814714293257,-0.461440221640655,-0.8995700567013173,0.25518635431350645,-3.1821694736301636
-0.9369528845544495,-0.14019192827359928,-1.0,-0.47832338802984387,0.2344164153984144,-0.2289508831245223,-1.0087366053398195
-1.0,-0.1046661427913812,0.04469449012075288,0.3314667001823353,1.0,0.15192556849075942,2.7627740575861783
-0.46960194130214494,-0.17526554929219162,1.0,1.0,-0.05934070912294549,-0.2794402098451434,-0.9947052935747256
-1.0,-1.0,-0.930310345310035,1.0,-0.7479603017700778,-1.0,-1.7597562537635874
1.0,1.0,1.0,-0.33221215644746205,0.12203751454373735,1.0,-3.673116490689897
-1.0,-1.0,-0.8899635431135476,-0.7851944050253059,0.03689280605723669,-0.1924426109070978,-4.629646200950323
1.0,-0.3531243609958885,0.42346319174834157,0.0250715447709072,-0.07715206480948394,1.0,0.9502903323739454
0.08393081447655781,-0.40476478516223524,0.9150467596219077,-0.4884821082406866,-0.2288435647553121,-1.0,3.3543829778772962
-0.24511977402166596,-0.42107646178577596,0.2585146345251457,0.45479277524828315,0.8628609662510819,-0.18678091323937152,0.10027545772637703
0.5047432749167563,-1.0,1.0,1.0,0.4623313497903885,-1.0,0.8765513013526548
1.0,-0.5318609008903026,0.6926655060115263,-0.7404456661086413,-0.7947676204986696,-1.0,9.692218473010788
-1.0,-1.0,-0.32595633307537153,-0.9994424284950587,-1.0,-1.0,5.599063214346994
0.5888068271888498,0.7986867183240511,0.09445973463745128,-0.0025365958870239014,0.13811859678473715,0.6818709156161842,2.0648286221770595
-1.0,-0.5021265706574977,-0.2994064144855526,-1.0,-1.0,-1.0,1.9885395596163162
1.0,0.730601189131771,0.8048728634854723,1.0,0.2946132661173555,0.3769378250904265,-3.351355959711988
-1.0,-1.0,-0.787446711576583,-0.21791767045523203,-0.38034304461086466,-0.30158565492423683,-3.231829241967052
0.8752487684802978,-0.4463435050073612,-0.34587857081511897,-0.7508055399527359,0.7347466103787341,1.0,-0.28324958931386957
-0.34457893759831804,-0.8947038819899995,-1.0,0.20463689346897562,-1.0,-1.0,0.11121440076856867
0.2677667896150566,0.9416941669753958,0.3084009261260361,-0.40709539093308167,1.0,0.510703525937259,0.43112266603084126
-0.9374332171890873,-1.0,-0.48366080459981675,-0.17374798517112922,0.7188931942774827,0.24630698547633212,0.05324722671360854
0.542125995378421,1.0,0.10086834722639626,1.0,-1.0,-0.8106024063017258,6.86157442008386
-0.5825392755378388,-0.35593639260234755,-0.8422168397462413,-1.0,0.36557608280288006,1.0,4.730793364469721
-0.16755924732707847,1.0,-0.5612455352497978,1.0,0.8977069776070079,0.728933280075128,2.195418829496079
1.0,-0.028585958752583213,1.0,-0.10606488649998147,-0.3065268244459207,-0.729178100073883,3.885002543741074
-0.765167924601286,-0.3943304362406672,-0.3110886681195708,0.3097235348867263,0.5606426613853075,0.2119804929533664,1.3855548717068769
-1.0,-0.9976775974331644,-0.7233721619217197,-0.8998352246369126,0.024185930232998754,0.33785580824104167,-4.973538200511395
0.02508231656835158,0.5526375890092349,-1.0,-1.0,0.5387346818299326,1.0,7.81917558512299
0.13848493723833427,0.3890296646928228,-1.0,0.09892994139084199,1.0,0.7192522568410861,2.311462952435831
-0.34191000261769855,-0.12761104235769255,0.4794897352226826,1.0,-0.9148085914204356,0.2636628526275461,-0.19595586105649354
-0.969088956339231,-0.14051233240195748,-0.027395810575269103,-0.408346205228089,0.13689878652121396,-0.640001213471568,1.8253913305840448
0.5703053724540774,1.0,1.0,0.06009168093849315,0.6405860537974836,1.0,-3.8350072453705684
-1.0,0.5906809764510975,0.7975048922083391,-0.057851858104234544,-0.21565902459188427,1.0,-1.9501728752872156
-1.0,-1.0,-1.0,-0.08834204225185549,-0.002170209631271236,-0.805985995539612,1.064253114160029
1.0,0.15843670169581048,0.060148959582680406,-0.45119616536241236,0.5819465392990947,0.32586096883165583,-1.4080735775091788
-0.5989575750639267,-0.3569041492935958,1.0,-1.0,1.0,0.11410936998163002,-0.591513590910881
-0.9244752292520965,-0.6110400873104203,-1.0,-1.0,0.7135846454448316,1.0,3.7775609647617
0.26719444639605816,-1.0,-0.42432080431656916,-1.0,-0.3118271992987456,-0.6212771810284322,2.16148146817101
-0.0884225661847533,-0.7691840917352518,-0.4553788857077855,-0.697520542612344,-0.38787758620721424,0.35493781768732086,0.3217571769099168
0.08706334536886595,0.9082493465716168,-0.0870771093333691,1.0,-1.0,-0.7159627885157416,3.2640700417047963
0.9344542139758191,0.883668194787053,0.4074186814968299,0.5639788138478516,0.27605159926207357,1.0,-0.10027495679409826
0.5463829797245656,1.0,0.5524791351625576,1.0,-0.4732878446561474,0.41281059811022996,0.218975336246403
-0.6113945937017319,-0.672798710823126,-0.31539713655173096,0.12921335427311975,-0.8737654381271955,-0.18299949578421637,-0.9941995347810385
-1.0,-1.0,-0.7093833553437388,-1.0,1.0,0.9157554893191706,0.09446082673537404
-1.0,-0.9378600294157949,0.2685667458754284,0.45776677503121327,1.0,0.7438859288824566,3.429220042431843
1.0,1.0,0.9718497872330965,1.0,0.20732492803887717,-0.5317148475779048,-1.7500792791069457
0.7250137604406227,0.48611453738906263,-0.8075221664835701,0.0671902960469225,-0.21545898509958217,1.0,5.070304670905136
-0.03533545227657153,0.6298193927711851,0.27697196115399136,-1.0,-0.16325011874151185,0.4405771621714905,0.385392620591619
-0.6558806273492449,-1.0,-1.0,-0.6864677570968154,0.6130234138602026,0.054359463531285956,-4.484694003663538
1.0,1.0,0.31469358520912094,0.5745120864263382,-1.0,0.17858969609386643,2.336291963001379
-0.34259894535868374,-0.25015292059461025,-1.0,-1.0,-0.5441144910666837,-1.0,2.3593407196480465
-1.0,-0.08831545608132285,0.7209735198589527,-1.0,-0.19043576421805058,0.9778978142397785,-2.5606072344003192
-0.12506671884576714,-0.22464352505893992,-0.6016599396318882,-0.5626215752090741,-0.37800818713371875,1.0,4.396320237381202
0.40621524761332956,0.4848677741266014,1.0,0.8540010014898192,0.436013241736665,0.42446572689884765,-3.076574960791856
0.3649598553511564,-0.4651580253432501,-0.3923096172325281,0.40558799076421287,1.0,1.0,2.7960721192911153
-0.9684397241277477,-0.8960484335514622,-0.8065997440802231,-1.0,0.9473807916400834,-0.6481505723193391,-0.20323981199328134
0.3735410907926129,1.0,1.0,0.8178381688929102,0.6850472579984144,1.0,-5.3682922193825195
-0.21835790976866543,-1.0,0.39125646876855447,-0.36894204189265806,1.0,0.7584436447399794,0.36058607327354275
-0.21173663512474228,-0.17165277411334423,-1.0,-0.8140679263608726,-0.23143677673550545,-0.5145312352717468,-0.7544927857432301
-0.3016590815456731,0.031064807433160646,-0.06872279291501615,-0.05561007264493809,1.0,0.9275486114706342,3.498689117531307
0.6168468838887113,-0.053641873037852714,-1.0,-1.0,-0.5572090107747728,-0.5523735788307,0.26426466309568086
-1.0,-0.8427014080227406,0.8077990586867246,-1.0,1.0,-0.5214659736313066,3.5106226209506612
-0.09893658044217979,-1.0,-1.0,-0.5873316245212207,-0.10040562509013384,1.0,1.5931872089424475
0.30189273343542744,0.8439449364856952,-0.15502952198609415,0.09272664037385298,1.0,0.11354478935382128,0.1802617645190575
1.0,1.0,0.4446357556118783,1.0,-0.1751326415387216,1.0,0.947129147185103
0.26247241849556635,-0.7221046115899478,-0.8609681981943157,1.0,0.7693143426838187,0.5468815476842386,-0.48053675600763607
-1.0,-1.0,-0.3504490153129405,-0.9529561280081831,1.0,1.0,0.8348458578137559
-1.0,-1.0,-0.8501134873141247,-1.0,1.0,-0.4635496306872602,-2.8084243790864742
-1.0,-1.0,-1.0,-0.14234440854189756,-0.5391279790992258,-0.5337124895961541,-3.4099437784035516
0.30577313486949625,1.0,-0.20041063488798194,0.2683507102992049,-0.7557974212663061,0.2603737262812621,1.883052965708487
-0.45547758462789645,-0.22059842271872687,-1.0,-0.2819874888913326,0.24450603362848544,-0.16465890879562667,-0.08339452809022724
-0.2705943939553282,-0.40697189829858704,0.5889229474424319,-0.6750751054283657,0.4433571741170397,1.0,0.6368314216028776
-0.35593360829527515,-0.3849958308133889,-0.5875630790394502,0.6940225490477666,-0.857334288878288,-0.5763475010380293,-0.7004088945473869
1.0,0.884277135516778,-0.08473503518107972,1.0,1.0,1.0,0.3863133964482065
-0.07277432703219922,-0.4591676888392462,-0.7240113650480307,0.0704241667869836,-1.0,-0.8193416081954007,0.5168432940222603
-0.5843185701680225,0.7658733754540896,-0.23365620473962573,0.5941204807476512,0.7508608051747967,-1.0,2.553607552046535
0.06429844180457456,0.9765689820765979,-0.3743785690250141,-1.0,0.37771944040562144,0.5041360194716327,3.259049878671347
0.17206329851119537,0.1345062747833473,0.818809070149555,0.009786212323149523,0.15593191323602928,0.8832562021616999,-0.1561987061491886
1.0,0.9515180955046172,-0.09580611661387162,1.0,-1.0,0.17518042110408474,5.212468571589862
-1.0,-0.12779407222271927,1.0,0.46056461637061874,-1.0,-0.7295515090088011,-1.412001933367399
0.12600444811421574,-0.05629096146042101,1.0,0.5025152861192663,-0.1557409239791443,1.0,-2.091661478135112
-0.040420950205868666,-0.11033272790630597,1.0,-0.25140566988821356,0.05658206439381952,-0.5355440571543415,0.8967585094885275
0.22387998231935646,0.007643320595287051,1.0,0.7808688343466381,-0.7913654626053492,-0.10295702971542886,-0.8893411945377078
-1.0,0.46279491797361993,0.6036445157260599,-0.03484120502298638,1.0,1.0,3.0041521261153807
-0.926406554977215,-1.0,-1.0,-0.11263297522469917,0.28853046568674834,0.37758316703615,-2.459456480444674
0.9876365607104105,0.3902396980153029,0.9915379524479113,0.402765192470222,0.3493427983752306,1.0,-4.685133798553597
1.0,0.8222434818336076,-1.0,-0.5535532440266151,0.7956726149183498,-0.8599894192597706,-3.6689659169287463
-1.0,0.25451331649854253,0.74565733117791,0.6210616057227465,-0.7994527911022049,1.0,-4.14328589825145
-0.2717750066601013,1.0,0.31000411536959815,1.0,-0.8153203073502933,-0.9790586834182293,3.623851371087963
0.5762598981112323,0.23488221374031415,-0.6376493537775861,0.6572629252260229,0.3032193265123386,0.9300506033706041,2.454574060401639
0.028021635752194258,-0.06639875876665657,-0.89925278070389,-0.4683120207707583,1.0,1.0,6.091350799902502
-1.0,-1.0,-0.2201767693525306,-0.40001928660422176,0.11207349872613132,0.1872434718633117,-1.7635875733058364
0.33190636963605424,0.11573211815756668,0.7227794804692979,0.10670687189997807,1.0,0.4508209083198036,-1.3969717652468092
-1.0,-0.43044015814976455,-0.5974249606831064,0.11566526634260665,-0.9228725949256988,-0.7416591974931811,-1.4913192460329068
-0.26015276067599213,0.24427113515146864,1.0,0.45702294945877964,1.0,0.36685301550825145,-0.2670945609357267
0.6443649761031263,1.0,1.0,0.30873449420424565,0.6434944032010104,-0.9379981127105159,-2.1389556399213467
-0.25789255963201607,-0.8848420313423284,-1.0,-0.710705623578938,0.9354713488456142,1.0,2.083378309218163
-0.11899887169191137,-1.0,0.12172855038706637,-1.0,-0.3568366342162671,0.45715642632997233,-0.2830912602169361
-0.9986766679142949,-1.0,-0.9798488565858704,0.48422444629709493,-1.0,0.0398687514502717,-6.52124388933634
1.0,1.0,0.08165425406521531,1.0,0.025283181097223828,1.0,3.1583197709903876
-0.04170490973030913,0.17940974352429104,-1.0,-0.027276014683929373,-0.39898292423283277,-0.9325326275204618,1.8905599840411698
-0.7895128352824781,-0.1477958486183779,-0.09959192173567533,-1.0,0.49064075856596856,-1.0,5.093033224328752
1.0,0.5028705409100276,-0.11831193851930166,0.33948983811504996,-0.006306547748914759,0.582883879164341,1.3387139834080224
0.9320851318622553,-0.12162053135452,-0.07022967501104105,0.6341679301684914,-1.0,0.5909560707904422,3.291869863812656
-1.0,-0.6037481210780827,1.0,-0.36375197664424497,1.0,-0.10413615421905975,1.1848115697726955
-0.5463149690841453,-0.4319627531749424,-0.8482951071743237,-1.0,-0.475499858255259,-0.17884467341841526,-0.40100827593721255
1.0,1.0,1.0,1.0,1.0,-0.033809356648604266,-8.010481954017758
-1.0,-1.0,-1.0,-0.08288750052210614,0.34388352625920704,-0.4976680875183154,-1.8277082782392315
-0.16495420000060657,-1.0,-1.0,-1.0,0.32943580396872796,0.6541703455205516,-4.134846977372349
-0.8216508339499159,0.2523308058144963,-0.8417315456730621,-1.0,0.7402362634122942,-0.5819256336703673,2.77616592843662
-0.7408623579134419,-1.0,-1.0,-1.0,0.42887011311012285,0.3688184300286727,-6.777021325926397
0.5220717259752323,0.6389027278426169,1.0,0.9679376786328573,-0.08239969975289452,0.5779457265738381,-2.3209996696344004
-1.0,-0.6198330243891523,-1.0,-1.0,0.6702727189732638,-0.09940286995296621,-3.9133493803980244
1.0,0.5548389714736144,1.0,0.9368479350618091,-0.17776691770810282,1.0,-1.9543754913276126
-1.0,-0.7371220438412645,-1.0,-0.3376354833112767,-1.0,-0.10083825327922069,-4.611871537439842
-0.3638917395939616,0.750688984398186,0.43380223855379296,0.5261885838110365,1.0,0.5680120265030786,1.7881307359369725
0.3312376588477327,-1.0,-1.0,0.014114982176631263,-0.8572215588263656,0.7028745924576956,2.6168780679144725
0.5081841704517698,-0.17741981002344387,-0.06434034504648656,-1.0,-1.0,-1.0,5.609507123060396
0.4023343093994886,1.0,0.13775916863783694,-0.12936245427405813,-0.6267312362879425,1.0,5.190277026502453
0.7483270544724114,1.0,0.2381905317701034,-0.15859057182566816,-1.0,-0.4075493527600371,2.226821543326356
0.09175995030879092,0.22649296626793403,-0.043727321442177,-0.17047348793311978,0.20842366363742437,-0.7377946299726372,1.205095840380694
0.28654432166245836,-0.3836213458835696,1.0,-0.028040922224492365,0.7234122470911983,0.41580346635652277,-2.4237140203268623
-1.0,-1.0,-0.902829784016528,-0.15200330625895475,-0.9512276403169341,0.20013837420829994,-4.725537940556242
1.0,1.0,0.8923479254278659,0.1572356360797995,0.09882112303468182,1.0,-3.567093147929965
0.11600392886674027,1.0,1.0,0.3171154423185576,0.22821998527370546,-0.16107729980422833,-2.7209010293469036
-0.28825039413448283,-0.5283047161771629,-1.0,1.0,0.3451351714532985,-0.2752699229044735,-2.5322824036462004
1.0,1.0,0.31013957554879046,0.6308232976190172,-1.0,-0.5550753300221806,3.9715144687220674
-0.41796817771592276,0.2588848755402735,-0.7735971582034366,-0.08028877338212026,-1.0,-0.64830853343064,-1.285258020827015
1.0,1.0,1.0,1.0,-0.2467893042928666,-0.3310831005758972,0.9064740842665376
